DOCUMENT LINKS,FORM#,DOCUMENT,REVISION,DATE ISSUE,DATE REV,LOCATION AND STATUS ,TRAINING,DATE,Audit, Category, Category
Quality Manual,QM-001,"Quality Manual (Link is an ""Uncontrolled Document"" for Reference Only)",I,7/31/2008,11/13/2021,,,,, Category
QM-001 Appendix 1,QM-001 Appendix 1,Elite Metal Finishing Locations,Issue,11/12/2021,,,,,, Category
QMS Manual SOP Index,QMS / Index,QMS Manual SOP Index,K,n/a,11/13/2021,,,,, Category
EMF-Process-Spec,EMF-Process-Spec,EMF Process Specification List,Issue,2/18/2021,,,,,, Category
,EMF-1,Controlled Document Master List,G,5/3/2007,12/3/2018,,,,, Category
Live Document,EMF-2,Manual Listing/Locations,D,10/23/2015,7/1/2017,Controlled Documents (\\zuma) (p:),,,, Category
AC7004 Aerospace Quality System,AC7004,Aerospace Quality System (AC7004),7008195934,5/31/2022,5/31/2024,540,,,, Category
AC7108 Chemical Processing Merit,AC7108,Chemical Processing,7008196200,5/31/2021,5/31/2023,540,,,, Category
AC7114 NonDestructive Testing_Merit,AC7114,NonDestructive Testing,7008193282,10/31/2020,11/30/2022,540,,,, Category
,LMS-001,Laboratory Management Systems Manual (ISO 17025) ,In Draft,,Viktor - Nancy,DRA 2018-014 (5/11/2018),,,, Category
SOP-01,SOP-01,Contract Review,F,10/22/2008,12/11/2017,,,,, Category
SOP-02 ,SOP-02,Document and Data Control,D,10/23/2008,8/11/2021,DRA 2021-055,,,, Category
SOP-03 ,SOP-03,Purchasing,G,10/28/2008,11/7/2018,,,,, Category
SOP-04,SOP-04,Control of Customer-Supplied Product,E,8/28/2008,7/9/2019,,,,, Category
SOP-05   ,SOP-05,Product Identification and Traceability,B,10/27/2008,8/20/2013,,,,, Category
SOP-06,SOP-06,Process Control,F,10/27/2008,8/25/2020,,,,, Category
SOP-07,SOP-07,Inspection and Testing,E,10/28/2008,7/16/2019,,,,, Category
SOP-08 ,SOP-08,"Control of Inspection, Measuring and Test Equipment",J,10/27/2008,1/29/2020,,,,, Category
SOP-09 ,SOP-09,Inspection and Test Status,D,10/27/2008,7/2/2021,DRA 2021-052,,,, Category
SOP-09 Appendix A,SOP-09 APPENDIX A,Stamp Definition Table,B,6/14/2011,1/28/2020,,,,, Category
SOP-10 ,SOP-10,Control of Non-Conforming Product,F,10/28/2008,6/5/2020,,Inspectors,"2/1, 02/24/21",, Category
SOP-11 ,SOP-11,Corrective Action,D,10/23/2008,3/25/2019,,, ,, Category
SOP-12,SOP-12,"Handling, Storage, Packaging, Preservation and Delivery",D,10/28/2008,1/7/2022,DRA 2022-004,Receiving Inspectors,1/27/2021,N/A,Category
SOP13,SOP-13,Control of Quality Records,A,10/28/2008,2/21/2020,,,,, Category
SOP-14 ,SOP-14,Internal Quality Assessments,D,10/28/2008,1/29/2020,,,,, Category
SOP-15 ,SOP-15,Training,D,10/28/2008,7/27/2021,DRA-2021-051,,,, Category
SOP-16 ,SOP-16,Continuous Improvement,Issue,10/23/2008,,,,,, Category
SOP-17,SOP-17,ITAR / EAR,D,10/23/2008,5/7/2019,,,,, Category
QA-102,QA-102,Test and Data Review,B,11/28/2008,3/18/2015,,,,, Category
QA-103,QA-103,Test Piece Control,A,11/30/2008,3/27/2014,,,,, Category
QA-104,QA-104,"Test Failure, Retest and Replacement Test",Issue,11/28/2008,,,,,, Category
QA-105,QA-105,Solution Analyses,A,11/28/2008,1/16/2017,,,,, Category
QA-106,QA-106,Pyrometry (Outside Calibration Service),D,11/24/2008,8/9/2017,,,,, Category
QA-107,QA-107,EMF Internal Audit Summary Report Form,D,5/17/2012,5/4/2017,,,,, Category
Live Document,QA-108,Test Matrix,F,12/5/2008,6/29/2012,Located Controlled Documents (\\zuma) (p:),,,, Category
QA-108A,QA-108A,Updating and Revising Test Matrix,Issue,6/2/2009,,,,,, Category
QA-109 Blank Form,QA-109,Management Review,A,8/28/2008,8/5/2019,,,,, Category
QA-110A,QA-110A,Quality Objectives Work Instruction,E,10/29/2008,2/10/2021,"501, 521, 531, 540, 3430 & 3461",,,, Category
QA-110B,QA-110B,Quality Policy,Issue,10/29/2008,,"501, 521, 531, 540, 3430 & 3461",,,, Category
QA-110C,QA-110C,Operational Risk Assessment Worksheet (Blank Form),A,7/17/2018,2/10/2021,,,,, Category
QA-110D,QA-110D,Business Continuity Plan,A,7/15/2019,10/14/2019,,,,, Category
QA-111,QA-111,Management Review Work Instruction,A,10/22/2008,7/16/2018,,,,, Category
QA-112,QA-112,Re-work Scheduling,A,10/29/2008,11/17/2016,,,,, Category
QA-113,QA-113,Shelf Life Control,A,8/28/2008,7/6/2011,,,,, Category
QA-114,QA-114,Organizational Structure,I,1/21/2009,10/19/2020,,,,, Category
QA-114,QA-114 East,Organizational Structure,Issue,11/12/2021,,,,,, Category
QA-115,QA-115,Scheduling Internal Audits and Assigning Priority,A,6/2/2009,6/19/2009,,,,, Category
QA-116,QA-116,Periodic Verification of Incoming Raw Materials,Issue,5/13/2020,,,,,, Category
QA-118,QA-118,Plant  Preventative Maintenance,D,9/1/2010,11/1/2018,,,,, Category
QA-120 Blank Form,QA-120,Document Review and Approval Form,B,12/23/2008,2/9/2018,,,,, Category
Live Document,QA-120-LOG,Document Review and Approval Log,A,4/3/2015,1/28/2016,Located Controlled Documents (\\zuma) (p:),,,, Category
Live Document,QA-200,Processing Master Matrix,Issue,3/11/2013,,Located in (zuma) (L:) Mil Specs and Finishing Std. QA-200 Folder,,,, Category
QA-201,QA-201,Furnace Chart  for EMF BLUE M,E,4/15/2012,5/17/2021,540,,,, Category
QA-201A,QA-201A,Furnace Chart for EMF-GRIEVE,B,10/24/2016,5/17/2021,540,,,, Category
QA-202,QA-202,Furnace Chart for EMF-JPW,C,7/20/2012,5/17/2021,540,,,, Category
QA-202A,QA-202A,Furnace Chart for EMF-JPW-521,C,10/24/2016,5/17/2021,521,,,, Category
QA-202B,QA-202B,Furnace Chart for EMF-BR-1,C,10/24/2016,5/17/2021,3430,,,, Category
QA-202C,QA-202C,Furnace Chart for EMF-BR-2,C,10/24/2016,5/17/2021,3430,,,, Category
QA-203 Blank Form,QA-203,Annual Training Requirements Plan,A,10/29/2014,11/7/2017,,,,, Category
QA-204 Blank Form,QA-204,Skills Matrix,B,7/29/2015,9/27/2018,,,,, Category
QA-205 Blank Form,QA-205,Quality Alert Form,Issue,9/19/2017,,,,,, Category
QIPP-005,QIPP-005,Quality Inspection and Process Plan - for Small Diameter Lacquer Removal and Inspection,Issue,12/7/2020,,DRA 2020-030,,,, Category
QIPP-006,QIPP-006,Quality Inspection and Process Plan - Lox and Fuel Housings,A,12/7/2020,3/29/2021,DRA 2021-023,,,, Category
QIPP-007,QIPP-007,Quality Inspection and Process Plan - TVCA Housing,B,3/30/2015,8/16/2021,DRA 2021-056,,,, Category
QIPP-008,QIPP-008,"Quality Inspection and Process Plan - Guesst & Spa, Categorys
",A,5/10/2021,6/26/2021,DRA 2021-049,,,, Category
CAL-100 Calibration Worksheets,CAL-100,Calibration Worksheets (Workbook),A,4/2/2015,4/7/2017,,,,, Category
CAL-101 Certificates ,CAL-101 ,Certificate of Calibration,B,3/10/2015,7/20/2017,,,,, Category
CAL-101 Rectifier Cert,CAL-101 ,Rectifier - Certificate of Calibration,B,3/10/2015,7/20/2017,,,,, Category
CAL-101 SAT Certificate,CAL-101,SAT - Certificate of Calibration,C,3/10/2015,9/29/2020,,,,, Category
CAL-101 TUS Certificate,CAL-101,TUS - Certificate of Calibration,B,3/10/2015,7/20/2017,,,,, Category
CAL-102,CAL-102,Pressure Gauge Worksheets,A,3/23/2017,7/23/2020,,,,, Category
CAL-102,CAL-102,Pressure Gauge Reports,A,3/23/2017,7/23/2020,,,,, Category
CAL-103,CAL-103,Calibration Procedure - Process Clocks/Timers,A,4/3/2015,11/13/2015,,,,, Category
CAL-104,CAL-104,Calibration Procedure - Dial/Digital Calipers,D,4/9/2015,6/1/2018,,,,, Category
CAL-105,CAL-105,Calibration Procedure - Micrometers,B,5/19/2015,8/5/2016,,,,, Category
CAL-106,CAL-106,Calibration Procedure - Scales,A,5/20/2015,11/13/2015,,,,, Category
CAL-107,CAL-107,Calibration Procedure -Thermometers,B,5/20/2015,7/13/2016,,,,, Category
CAL-108,CAL-108,"Calibration Procedure - Oven Controllers, Recorders and Over Temperature Controller  Calibration and Verification
",A,5/6/2015,11/19/2015,,,,, Category, Category
CAL-109,CAL-109,Temperature Controllers Verification of Accuracy,B,5/12/2015,6/28/2017,,,,, Category
CAL-110,CAL-110,Calibration Procedure -Systems Accuracy Testing (SAT) Verification,C,5/22/2015,10/7/2019,,,,, Category
CAL-111 Appendix A,CAL-111 Appendix A,Procedure for Uploading data from Temperature Controller Thermocouple Scanners,Issue,10/18/2017,,,,,, Category
CAL-111,CAL-111,Calibration Procedure -Temperature Uniformity Survey (TUS) ,D,5/13/2015,8/3/2021,DRA 2021-047,,,, Category
CAL-112 Appendix A,"CAL, Category2
Appendix A",Pressure Gauge Adjustment Instructions,Issue,5/1/2017,,,,,, Category
CAL-112,CAL-112,Calibration Procedure - Pressure Gauges ,C,5/19/2015,5/1/2017,,,,, Category
CAL-113,CAL-113,Calibration Procedure - Freezers ,A,5/18/2015,11/16/2015,,,,, Category
CAL-114 Appendix A,"CAL, Category4
Appendix A",Adjusting the Load cell to Omega DP25-S Strain Gage Panel Meter,Issue,5/1/2017,,,,,, Category
CAL-114,CAL-114,Calibration Procedure - Load Cell/Strain Controller,C,5/22/2015,5/1/2017,,,,, Category
CAL-115,CAL-115,Calibration Procedure - Rectifiers',Issue,7/19/2017,,,,,, Category
CAL-116 ,CAL-116,Calibration Procedure NDT Mag Machine,A,4/5/2018,9/12/2018,,,,, Category
CAL-117,CAL-117,Standard Practices for Recording Data,Issue,3/28/2018,,,,,, Category
CAL-118,CAL-118,Temperature Indicators,Issue,7/30/2018,,,,,, Category
CAL-119,CAL-119,Calibration Procedure for Hydrometers,Issue,10/29/2018,,,,,, Category
CAL-120,CAL-120,Calibration Parameters for NDT Equipment,Issue,4/7/2021,,Cancelled DRA 2019-039 - Issue DRA 2021-025,,,, Category
CAL-121,CAL-121,Calibration Magnetic Particle Inspection Equipment,Issue,4/7/2021,,DRA 2021-026,,,, Category
CAL-1001,CAL-1001,Calibration Reference Only Sticker,A,7/11/2011,5/27/2015,,,,, Category
CAL-1002,CAL-1002,Calibration Sticker,A,7/11/2011,5/27/2015,,,,, Category
CAL-1003,CAL-1003,Calibration Seal Sticker,Issue,5/27/2015,,,,,, Category
CAL-1004 SIGN,CAL-1004,"Out of Calibration ""DO NOT USE""  (Sign)",Issue,11/13/2015,,,,,, Category
CAL-1005 SIGN,CAL-1005,"Calibration Oven ""Do Not Use , DO Not Open Oven Door"" (Sign)",Issue,1/26/2016,,,,,, Category
CAL-1006,CAL-1006,Conversion Tables,Issue,6/26/2017,,,,,, Category
CAL-1007 SIGN,CAL-1007,Calibrating Do Not Open Door,Issue,6/26/2017,,,,,, Category
CAL-1008 ,CAL-1008,Equipment Assignment Sheet,Issue,9/5/2017,,,,,, Category
CAL-1009,CAL-1009,Calibration Laboratory Environmental Conditions Log,Issue,3/20/2018,,,,,, Category
CAL-1010 (SIGN),CAL-1010,Calibration Secured Access - Authorized Personnel Only (Sign),A,5/27/2020,12/1/2020,3430,,,, Category
EMF-200,EMF-200,O&M Plan for Chromic Acid Anodize,A,4/19/2011,7/25/2016,,,,, Category
EMF-300,EMF-300,NDT Qualification and Certification Procedure,P,3/30/2011,4/22/2021,DRA 2021-032,,,, Category
EMF-300A,EMF-300A,NDT Certification Summary,B,3/30/2011,4/9/2015,,,,, Category
EMF-300B,EMF-300B,NDT Certification Chart,C,3/30/2011,2/12/2019,,,,, Category
EMF-300C,EMF-300C,NDT On-The-Job Experience Log,C,3/30/2011,3/6/2020, ,,,, Category
EMF-300D,EMF-300D,Liquid Penetrant Annual Maintenance Test,D,3/30/2011,1/7/2021,,,,, Category
EMF-300E,EMF-300E, Magnetic Particle Annual Maintenance Test,D,3/30/2011,1/7/2021,,,,, Category
EMF-300F,EMF-300F,NDT Certification Template,A,9/22/2015,4/15/2019,,,,, Category
EMF-300G,EMF-300G,NDT Certification Template Class Training,Issue ,4/15/2019,,,,,, Category
EMF-300 Appendix A,"EMF-, Category 
Appendix A",NDT Outside Services Listing,B,5/6/2019,1/22/2020,,,,, Category
EMF-300H,EMF-300H,Eddy Current  Annual Maintenance Test,Issue ,5/10/2019,,,,,, Category
EMF-301,EMF-301,Penetrant Inspection Exam Procedure,AG,5/31/2011,4/7/2021,DRA 2021-043,,,, Category
EMF-301A,EMF-301A,Penetrant Inspection Examination Technique Sheet,I,4/18/2011,5/11/2021,DRA 2021-038,,,, Category
EMF-301B,EMF-301B,Penetrant Examination Process Control LOG,N,4/18/2011,5/11/2021,DRA 2021-039,,,, Category
EMF-301B GAL,EMF-301B Galaxy,Penetrant Examination Process Control LOG,A,6/24/2020,5/12/2021,DRA 2021-042,,,, Category
EMF-301C,EMF-301C,Penetrant Examination Job LOG,E,5/31/2011,6/25/2020,,,,, Category
EMF-301D,EMF-301D,Penetrant Examination Maintenance LOG,C,4/18/2011,12/12/2014,,,,, Category
EMF-301E,EMF-301E,Penetrant Inspection STARBURST,C,4/18/2011,5/22/2013,,,,, Category
EMF-301F,EMF-301F,Penetrant Examination Report Sheet,E,10/11/2011,8/28/2020,,,,, Category
EMF-301G,EMF-301G,Hydrophilic Emulsifier Correction Graph,A,5/5/2014,8/3/2019,,,,, Category
EMF-302,EMF-302,Magnetic Particle Testing,T,6/6/2011,4/28/2021,DRA 2021-044,,,, Category
EMF-302A,EMF-302A,Magnetic Particle Technique,L,6/6/2011,5/11/2021,DRA 2021-040,,,, Category
EMF-302B,EMF-302B,Magnetic Particle Process Control Log (Reference Appendix I),G,4/18/2011,5/11/2021,DRA 2021-041,,,, Category
EMF-302C,EMF-302C,Magnetic Particle Job LOG,E,6/6/2011,6/25/2020,,,,, Category
EMF-302D,EMF-302D,Magnetic Particle Maintenance LOG,B,6/6/2011,11/12/2014,,,,, Category
EMF-302E,EMF-302E,Magnetic Particle Test Report,E,10/8/2011,8/28/2020,,,,, Category
EMF-303,EMF-303,Visible Dye Penetrant Inspection,A,9/30/2011,12/12/2014,,,,, Category
EMF-304,EMF-304,Eddy Current Test Procedure,A,7/3/2018,6/23/2020,,,,, Category
EMF-304-1,EMF-304-1,Eddy Current Test Procedure,Issue,12/18/2018,,,,,, Category
EMF-304A,EMF-304A,Eddy Current Testing Technique Sheet Blank,B,7/3/2018,8/28/2020,,,,, Category
EMF-304B,EMF-304B,Eddy Current Job Log,B,7/3/2018,6/25/2020,,,,, Category
EMF-304C,EMF-304C,Eddy Current Maintenance Log,Issue,7/3/2018,,,,,, Category
EMF-304D,EMF-304D,Eddy Current Report Sheet,A,7/3/2018,8/28/2020,,,,, Category
EMF-305,EMF-305,Eddy Current Rotary Drive Work Instructions,Issue,7/10/2019,,,,,, Category
Live Document,EMF-311,NDT Recall List,G,6/5/2013,12/17/2019,Located in Controlled Documents (\\zuma) (p:) Restricted Vault NDT folder,,,, Category
Epicor generated,EMF-400,Shop Traveler,A,8/2/2018,9/3/2019,Epicor generated,,,, Category
Epicor generated,EMF-401,Certificate of Conformance ,A,3/13/2019,,Epicor generated,,,, Category
EMF-443,EMF-443,Verbal Purchase Order,A,12/2/2007,10/22/2008,,,,, Category
EMF-444,EMF-444,Receiving Paint Products,H,4/1/2009,5/17/2021,DRA 2021-031 - Merged EMF-827 Paint Inventory Procedure,,,, Category
EMF-445,EMF-445,Receiving Testing Tape,B,6/3/2009,2/25/2015,,,,, Category
EMF-446,EMF-446,New Employee Safety Orientation Form,B,1/30/2013,1/16/2020,,,,, Category
EMF-446A Employee Check-out List ,EMF-446A,Employee Exit Interview Checklist,Issue,3/6/2018,,,,,, Category
EMF-450,EMF-450,Parts Marking  - Identification,Issue,1/6/2012,,,,,, Category
EMF-460,EMF-460,"Pickling, Etching and Descaling of  Metals",H,1/6/2012,12/3/2021,DRA 2021-012,Chemical Processor ,2/4/2021,, Category
EMF-460 Appendix A,EMF-460 Appendix A,Penetrant Etch Solution Matrix,C,6/30/2015,9/18/2020,,,,, Category
EMF-460 Appendix B,EMF-460 Appendix B,Etch Process Visual Indications,Issue ,7/23/2018,,,,,, Category
Live Document,EMF-500,Calibrated Equipment List,E,1/1/2006,8/8/2018,Located Controlled Documents (\\zuma) (p:),,,, Category
(SEE LAB-501),EMF-501,Process Tank Layout,,,,,,,, Category
EMF-502,EMF-502,Shop Layout  540,F,8/18/2011,2/13/2021,,,,, Category
EMF-502A,EMF-502A,Shop Layout  521,A,7/20/2017,1/21/2021,,,,, Category
EMF-502B,EMF-502B,Shop Layout  3430,B,7/20/2017,2/8/2021,,,,, Category
EMF-502C,EMF-502C,Shop Layout  531,B,7/20/2017,2/5/2021,,,,, Category
EMF-502D,EMF-502D,Shop Layout  501,B,7/20/2017,2/8/2021,,,,, Category
EMF-502 East,EMF-502 East,Shop Layout East,Issue,11/12/2021,,East,,,, Category
EMF-505 ,EMF-505,Calibration Equipment Cover Sheet,Issue,3/10/2010,,,,,, Category
EMF-506,EMF-506,GSI/DCMA Source Inspection Checklist,A,1/28/2014,6/23/2016,,,,, Category
EMF-600 ,EMF-600,Supplier Quality Survey,B,2/21/2009,2/6/2019,,,,,, Category
Live Document,EMF-601,Approved Supplier List,F,1/10/2007,7/24/2019,Located Controlled Documents (\\zuma) (p:) ,,,, Category
EMF-601A,EMF-601A,Supplier Evaluation and Grading Form,A,4/28/2010,6/23/2011,,,,, Category
EMF-602,EMF-602,List of Purchased Services ,B,5/15/2009,11/7/2018,,, ,, Category
Epicor generated,EMF-603,Purchase Order,E,7/6/2018,8/14/2019,Epicor generated,,,, Category
(SEE LAB-610),EMF-610, Renamed Document See LAB-610,,,,,,,, Category
Live Document,EMF-611,Test Failure Trend Anal. Log,A,1/22/2011,9/19/2018,Located in Controlled Documents (\\zuma) (p:)  Monthly Testing folder,,,, Category
EMF-611A,EMF-611A,Quarterly Review of Test Failure Analysis (EMF-611),Issue,3/1/2009,,,,,, Category
EMF-612,EMF-612,Dry Film Curing Matrix,A,6/3/2009,3/14/2014,, ,,, Category
Live Document,EMF-620,Internal Audit Schedule,H,6/1/2009,2/6/2015,Located Controlled Documents (\\zuma) (p:) ,,,, Category
EMF-621,EMF-621,Process Solution Checklist,Issue,5/18/2010,,,,,, Category
EMF-630,EMF-630,Training Document List,Issue,5/18/2010,,,,,, Category
EMF-631,EMF-631,Control of 3RD Party Logos and Artwork,Issue,10/12/2011,,,,,, Category
EMF-700 Blank Form,EMF-700,Nonconforming Material Discrepancy Report (Blank Form),F,6/9/2006,5/26/2021,DRA 2021-019,"Inspection, Planning and Production Supervisors",, Category
EMF-701 Blank Form ,EMF-701,Corrective Action Report  (Blank Form),B,12/15/2008,4/3/2019,,,,, Category
EMF-702 Blank Form,EMF-702,Supplier Corrective Action Report,Issue,6/9/2006,,,,,, Category
EMF-703 Blank Form,EMF-703,Preventative Action Report,Issue,12/3/2008,,,,,, Category
EMF-704 Blank Form,EMF-704,Analysis Tool Worksheet,Issue,11/6/2008,,,,,, Category
Live Document ,EMF-705,Corrective Action Report Log,D,11/6/2008,1/12/2022,Located in Controlled Document (\\zuma) (p:)  Corrective Action folder,,,, Category
EMF-706,EMF-706,Corrective Action Checklist,C,10/20/2008,3/20/2021,DRA 2021-021,,,, Category
Live Document,EMF-800,Stamp Roster,D,2/4/2006,7/6/2015,Located Controlled Documents (\\zuma) (p:) ,,,, Category
EMF-801,EMF-801,Production/Inspection Stamp Log,B,11/6/2007,7/2/2015,,,,, Category
EMF-802,EMF-802,"Inspection Requirements for Anodize Type II, IIB, III -Class 1 and 2",F,9/1/2008,6/1/2018,,,,, Category
EMF-803,EMF-803,"Inspection Requirements for Chemical Conversion Coatings Class 1A, 3",D,12/2/2007,5/13/2016,,,,, Category
EMF-804,EMF-804,Inspection Requirements for Sprayed Coatings,C,9/1/2008,11/8/2018,,,,, Category
EMF-805,EMF-805,Inspection Requirements for Passivation of Stainless Steel,E,12/7/2007,6/14/2016,,,,,, Category
EMF-806,EMF-806,Inspection Requirements Electroless Nickel Plating,E,1/14/2008,1/24/2021,DRA 2021-006,,,, Category
EMF-808,EMF-808,Inspection Requirements for Nickel Plate,C,5/5/2009,1/27/2021,DRA 2021-007,,,, Category
EMF-809,EMF-809,Inspection Requirements for Zinc Phosphate Coatings,A,5/5/2009,5/16/2016,,,,, Category
EMF-810 ,EMF-810,Sampling  Inspection Tables,G,3/5/2009,10/10/2018,"501, 540 & 3430",Completed,3/27 & 3/28/17,, Category
EMF-811,EMF-811,Adhesion Bend Test,F,10/30/2008,2/18/2021,,,,, Category
EMF-811A,EMF-811A,Bend Test Types,A,4/20/2009,11/26/2013,,,,, Category
EMF-812,EMF-812,Thickness Testing,E,11/25/2008,4/7/2021,"DRA 2021-008 - 521, 540 & 3430 - Inspectors binder", ,,, Category
EMF-813,EMF-813,Anodize Coating Weight ,C,11/25/2008,5/12/2017,, ,,, Category
EMF-814,EMF-814,Tape Adhesion Test / Tape Adhesion Test Training Sheet Appendix A,J,11/25/2008,3/23/2021,DRA 2021-013,Laboratory,1/20/2020,, Category
EMF-814 Appendix B,EMF-814 Appendix B,Tape Adhesion Test Matrix,A,8/23/2019,3/23/2021,,,,, Category
"EMF-814 Appendix B, Abridged",EMF-814 Appendix B,Tape Adhesion Test Matrix  and Abridged,A,8/23/2019,3/23/2021,,,,, Category
EMF-815,EMF-815,Copper Sulphate Test,B,11/26/2008,6/24/2009,,,,, Category
EMF-817,EMF-817,Water Break Inspection,C,11/26/2008,4/7/2021,"DRA 2021-017 - 540, 3430  & Paint",Training Painters & Processers,,, Category
EMF-818,EMF-818,"Air Cleanliness, Shop Compressed Air ",C,11/26/2008,8/11/2017,,,,, Category
EMF-819,EMF-819,Blueprint Review and Mark Up,D,1/26/2009,1/12/2021,DRA 2021-004,Planning & Masking,2/2/2021,, Category
EMF-820,EMF-820,Packaging,B,9/14/2011,3/20/2021,DRA 2021-020 - 540 & 3430,Quality & Packers,1/13/2021,N/A, Category
EMF-821,EMF-821, Masking ,F,5/2/2012,1/12/2021,DRA 2021-003,,,, Category
EMF-821A,EMF-821A, Masking Technique Sheet (Blank Template) ,A,12/11/2019,1/4/2021,531 Masking,,,, Category
EMF-821B,EMF-821B, Masking Job Card (Blank Tags) ,A,12/11/2019,1/20/2021,531 Masking,,,, Category
EMF-822,EMF-822,"Contract Review, Quality and Process Planning",K,1/17/2007,1/4/2022,DRA 2022-003,Planning Department,2/25/2021,, Category
PDF Document,D1-4426 Appendix D,Boeing Contract Review Checklist (Customer Document), n/a,,7/1/2017,Located Controlled Documents (\\zuma) (p:),,,, Category
EMF-822A,EMF-822A,Contract Review Checklist,K,6/12/2015,5/12/2020,,,,, Category
EMF-822B,EMF-822B,Planning Process Flow Chart,A,11/14/2017,4/27/2018,501,Copy with each planner (5x),,, Category
EMF-823,EMF-823,Cleaning of Pumps and Other Transfer Equipment,A,11/26/2008,12/4/2014,,,,, Category
EMF-824,EMF-824,Labeling Containers for Chemical Storage and Use,A,5/29/2009,2/27/2015,, ,,, Category
EMF-825,EMF-825,Laboratory Operating Procedures,E,6/1/2009,11/6/2018,,,,, Category
EMF-826,EMF-826,High Heat Testing,A,9/9/2008,6/24/2009,,,,, Category
EMF-828,EMF-828,Certification Review,Issue,4/26/2010,,,,,, Category
EMF-829,EMF-829,Zinc Phosphate coating Weight Test ,A,4/27/2010,8/9/2011,,,,, Category
EMF-830,EMF-830,"Placing Parts on ""HOLD""",A,2/24/2009,12/18/2015,,Inspectors,"2/15/, 02/24/21", Category
EMF-830 Appendix A,EMF-830 Appendix A ,Bond Cage Material Mover (Blank Form),Issue,8/13/2019,,,,,, Category
EMF-830A,EMF-830A,Paint Department Environmental Parameters,A,5/22/2015,3/23/2018,"540, 3430 & Paint",,,, Category
EMF-831,EMF-831,"""HOLD"" Cover Sheet",NC,2/24/2009,,,Inspectors,"2/15/,1 02/24/21",, Category
EMF-832,EMF-832,"Painting,  Pre-treatments and Handling",C,6/2/2009,11/14/2016,,,,, Category
EMF-833,EMF-833,Paint Storage and Handling,A,6/2/2009,9/7/2010,,,,, Category
EMF-834,EMF-834,Paint Housekeeping ,Issue,3/1/2009,,,,,, Category
EMF-835,EMF-835,Paint Environment Parameters,C,5/26/2009,3/23/2018,,,,, Category
EMF-836,EMF-836,Paint Gun Cleaning,A,5/26/2009,6/7/2021,DRA 2021-022,,,, Category
EMF-837,EMF-837,Abrasive Blasting,D,6/2/2009,7/7/2021,DRA 2021-045,,,, Category
EMF-837A,EMF-837A,Blasting Guidelines,D,3/26/2011,12/10/2021,DRA 2021-061,Planning Department,2/25/2021,, Category
EMF-838,EMF-838,Application of Adhesive Primers,C,1/4/2010,3/23/2018,,,,, Category
EMF-839,EMF-839,Handling Titanium Parts,A,4/12/2010,12/3/2021,DRA 2021-060,,,, Category
EMF-840,EMF-840,Zincate on Aluminum Work Instruction,E,10/12/2008,11/5/2013,,,,, Category
EMF-841,EMF-841,F.O.D Detection and Elimination,A,11/12/2009,11/19/2020,,,,, Category
EMF-842,EMF-842,Chemical Receiving and Inventory Procedure,C,4/29/2010,2/27/2015,,,,, Category
EMF-843,EMF-843,"Adhesion Scratch, Chisel and Pencil Testing",B,5/1/2010,2/22/2019,,,,, Category
(SEE LAB-844),EMF-844,Renamed Document See LAB-844,,,,,,,, Category
EMF-845,EMF-845,Receiving Inspection,B,1/21/2014,3/29/2021,DRA 2021-002,,,, Category
EMF-846,EMF-846,Chem Film Coating Weight Testing,Issue,8/23/2011,,,,,, Category
EMF-847,EMF-847,Paint Gloss Standard,C,1/13/2012,3/16/2016,(1x) Paint Inspection,,,, Category
EMF-848,EMF-848,Application of PTFE to Anodic Coatings,Issue,3/15/2012,,,,,, Category
EMF-849,EMF-849,Part Identification (Laser Engrave),B,9/27/2013,6/5/2018,,REV B Training Completed ,6/6/2018,, Category
EMF-850,EMF-850,Validation of Raw Materials,Issue,4/2/2010,,,,,, Category
EMF-851,EMF-851,Temperature Controller Verification,B,6/1/2009,11/4/2016,,,,, Category
EMF-852,EMF-852,Inspection Requirements for Adhesive Primer Coatings Application,Issue,9/28/2015,,3430 Inspector Binder,,,, Category
EMF-855,EMF-855,Testing Supplies Inventory Control Procedure,C,9/10/2010,2/8/2014,,,,, Category
,EMF-856,Type IIB Anodize Coating Weight Calculator,B,,,,,,, Category
,EMF-857,Type II Anodize Coating Weight Calculator,B,,,,,,, Category
,EMF-858,Type III Anodize Coating Weight Calculator,D,,,,,,, Category
EMF-859,EMF-859,Immersion Test,Issue,1/19/2011,,,,,, Category
EMF-860,EMF-860,Salt Spray Testing,G,1/5/2009,11/6/2020,,,,, Category
(SEE LAB-860A),EMF-860A,Renamed Document See LAB-860A ,,,,,,,, Category
,EMF-861,Type I Anodize Coating Weight Calculator,A,,,,,,, Category
,EMF-862,Type IB Anodize Coating Weight Calculator,C,,,,,,, Category
,EMF-863,Chem Film Coating Weight Calculator,Issue,,,,,,, Category
EMF-864,EMF-864,Solvent Resistance Test,B,7/20/2012,8/24/2020,,,,, Category
EMF-865,EMF-865,Process Tank Maintenance ,B,11/22/2013,8/14/2017,,,,, Category
EMF-866,EMF-866,"Chromic Acid Anodize, Type I",Issue,10/29/2020,,DRA 2020-016 (9/2/2020),,,, Category
EMF-867,EMF-867,"Hard Anodize, Type III",Issue,10/29/2021,,DRA 2020-017 (9/2/2020),,,, Category
EMF-868,EMF-868,Phosphoric Acid Anodize,Issue,10/26/2020,,DRA 2020-018 (9/2/2020),,,, Category
EMF-869,EMF-869,Hard Anodize Process Parameters,D,3/27/2014,6/5/2015,,,,, Category
EMF-870,EMF-870,Anodizing of Titanium and Titanium Alloys,Issue,3/16/2012,,,,,, Category
EMF-871,EMF-871,Mixing and Thinning of Paint Materials,A,6/1/2009,1/7/2014,,,,, Category
EMF-880,EMF-880,Lap Shear Testing,C,1/6/2015,6/24/2021,DRA 2021-035,,,, Category
EMF-884,EMF-884,"Powder Coat Inventory, Storage and Handling",Issue,4/1/2015,,,,,, Category
EMF-885,EMF-885,Powder Coat Unit and Gun Cleaning,Issue,4/1/2015,,,,,, Category
EMF-886,EMF-886,FPL Paste Etch Control and Application,A,10/9/2015,6/13/2017,,,,, Category
EMF-888,EMF-888,Process Control Document (PCD),A,6/13/2016,2/26/2018,,,,, Category
EMF-889,EMF-889,"Abrasive Blast Room Procedure For Safety, Operation and Maintenance",Issue,6/22/2016,,,,,, Category
EMF-890,EMF-890,Anodize Process Type II and Type IIB,A,12/6/2016,11/20/2018,,,,, Category
EMF-892,EMF-892,Stripping of  Anodize ,Issue,9/26/2016,,,,,, Category
EMF-893,EMF-893,Stripping of  Nickel Coatings ,A,11/18/2016,11/21/2018,,,,, Category
EMF-894,EMF-894,Stripping of  Chemfilm  ,Issue,11/9/2016,,,,,, Category
EMF-895,EMF-895,Stripping of Paint &Paint-Related Coatings,Issue,3/30/2017,,,,,, Category
EMF-898,EMF-898,Anodize Coatings Time and Surface Area Parameters,Issue,12/9/2016,,,,, , Category
EMF-900,EMF-900,Production Scheduling,Issue,11/25/2010,,,,,, Category
EMF-901,EMF-901,Operating Procedure for Profilometer,A,9/27/2016,12/16/2016,,,,, Category
,EMF-902,Packaging (Special Requirements per SPX-0000506),In Draft ,,Joel,DRA 2019-036 (10/9/2019),,,, Category
EMF-903,EMF-903,Application of Dry-Film Lubricants,Issue,3/22/2017,,,,,, Category
EMF-904,EMF-904,T-Peel Testing,A,7/31/2018,7/6/2021,DRA 2021-036,,,, Category
EMF-905_Blank Form,EMF-905,"Inbounding Packaging ""As Received"" Job Card",A,10/16/2017,1/6/2022,DRA 2022-004,,,, Category
EMF-906_Blank Form,EMF-906,Oversized Parts Job Card,A,11/16/2017,1/6/2022,DRA 2022-004,,,, Category
EMF-907,EMF-907,Electropolishing of Stainless Steel,B,5/25/2018,11/29/2018,,,,, Category
EMF-908,EMF-908,Inspection Requirements for Electropolishing of Stainless Steel,Issue,8/1/2018,, ,,,, Category
Cancelled,EMF-909,Plating on Plastics Procedure,cancelled 6/8/2020,,(Brett),DRA 2018-016 (6/5/2018),with viktor for review,,, Category
EMF-910,EMF-910,Chemfilm ,Issue ,12/26/2019,,,,,, Category
EMF-912,EMF-912,Adhesive work instruction (Boeing),Issue,7/24/2018,,,,,, Category
EMF-913,EMF-913,"Surface Prep and Painting of Bonded Assemblies, Alliance Space Systems",A,9/19/2018,2/14/2019,,,,, Category
EMF-914,EMF-914,Application of Zinc Nickel Plating ,A,10/1/2018,2/9/2021,DRA 2021-016,,,, Category
EMF-915,EMF-915,Preparation of Metals for Paint (Lockheed ),Issue,9/27/2018,,,,,, Category
EMF-916,EMF-916,"Coating, Polyurethane, Application Of",B,10/1/2018,8/11/2021,DRA 2021-054,,,, Category
EMF-917,EMF-917,SpaceX Cleaning Procedure,Issue,11/20/2018,,,,,, Category
EMF-918,EMF-918,Application of Electroless Nickel Coatings,A,10/11/2018,4/7/2021,DRA 2021-009,,,, Category
EMF-919,EMF-919,Inspection Requirements for Zinc Nickel Plating,Issue,10/1/2018,,,,,, Category
EMF-920,EMF-920,Application of Alion S13GP: 6N-LO-1 White Paint  - Top Coat,Issue,1/22/2019,,,,,, Category
,EMF-921,JDAM Painting Process Requirements,In Draft ,,Joel,DRA 2019-034 (10/2/2019),,,, Category
EMF-922,EMF-922,Paint Procedure IAW G781772,Issue,4/23/2019,,,,,, Category
EMF-923,EMF-923,Paint Procedure IAW 13458525,Issue,4/22/2019,,,,,, Category
EMF-924,EMF-924,Processing and Inspecting Face sheet Panels,Issue,5/1/2019,,,,,, Category
EMF-925,EMF-925,Determination of Coefficient of Friction per ASTM D 1984,Issue,11/22/2019,Viktor,DRA 2019-040 (10/31/2019),,,, Category
EMF-926,EMF-926,Work Instruction for MIL-S-5002,Issue,9/1/2021,,DRA 2020-013 (9/1/2020),,,, Category
EMF-927,EMF-927,Hand Cleaning of Parts,Issue ,9/21/2020,,,,,, Category
EMF-928,EMF-928,Passivate,Issue ,9/18/2020,,,Chemical Processor,1/12/2021,N/A, Category
EMF-929,EMF-929,Nickel Plating,A,9/4/2020,6/3/2021,DRA 2021-010,,,, Category
EMF-930,EMF-930,Masking Removal,Issue,10/29/2020,,DRA 2020-022 (10/26/20),,,, Category
EMF-931,EMF-931,Racking Techniques Procedure,Issue,9/22/2021,,DRA 2021-018,,,, Category
EMF-931A,EMF-931A,Racking Techniques Job Card,Issue,3/4/2021,,DRA 2021-014,,,, Category
EMF- Procedure Blank Template.,EMF-,Procedure Blank Template,,,, ,,,, Category
EMF-1001 Template Rev. A,EMF-1001,Test Certification Template,A,2/12/2009,6/30/2020,,,,, Category
EMF-1002 Certified Report,EMF-1002,Certified Report T- Peel Test (Blank Template),B,8/8/2018,11/23/2020,,,,, Category
EMF-1058,EMF-1058,Measuring Water Content in Liquid Penetrant,Issue,5/31/2011,,,,,, Category
EMF-1100 Certified Report ,EMF-1100,Certified Report  Lap Shear Test (Blank Template),E,1/13/2015,9/21/2021,DRA 2021-058,,,, Category
,EMF-1200A,Daily Rate of Etch 2024,C,2/1/2014,6/15/2015,,,,, Category
,EMF-1200B,Daily Rate of Etch 6061,C,2/1/2014,6/15/2015,,,,, Category
,EMF-1200C,Daily Rate of Etch 7075,C,2/1/2014,6/15/2015,,,,, Category
,EMF-1200D,Daily Rate of Etch A356,B,2/1/2014,,,,,, Category
HR-2100,HR-2100,Corrective Action Warning ,C,3/16/2016,10/15/2018,,,,, Category
EMF-2100A Blank Form,EMF-2100A,Employee Change Notice - Blank Form,Issue,7/6/2018,,,,,, Category
EMF-2101 Blank Form  ,EMF-2101,Performance Review / Job Evaluation - Blank Form,A,11/4/2014,7/24/2018,,,,, Category
EMF-2101A Blank Form,EMF-2101A,Employee Review (self) Annual or Semi Annual - Blank Form,Issue,1/17/2018,,,,,, Category
"EMF-2101B, Blank Form",EMF-2101B,Employee Self-Assessment Form - Following  Introductory Period,B,7/11/2018,4/7/2021,,,,, Category
HR-2101C,HR-2101C,EMF Time Off  Request -Blank Form (vacation request),Issue,8/22/2018,,,,,, Category
EMF-2101D Blank Form,EMF-2101D,Employee Information Sheet,Issue,7/31/2018,,,,,, Category
EMF-2101E  Blank Form,EMF-2101E,Performance Improvement Plan,Issue,8/15/2018,,,,,, Category
HR-2101F,HR-2101F,Report of Incident / Accident,Issue,9/21/2018,,,,,, Category
HR-2101G,HR-2101G,EE Injury / Illness Information Report,Issue,9/21/2018,,,,,, Category
HR-2101H Expense Report,HR-2101H,EMF Expense Report,A,12/21/2018,1/27/2021,,,,, Category
HR-2101I ,HR-2101I,Employee Referral Bonus,Issue,1/15/2019,,,,,, Category
HR-2101J,HR-2101J,EMF Make Uptime Request Form,Issue,1/23/2019,,,,,, Category
EMF-2102,EMF-2102,"Job Description - Receiving, Shipping and Planning",Issue,12/2/2008,,,,,, Category
EMF-2103,EMF-2103,Job Description - Plater,Issue,12/2/2008,,,,,, Category
EMF-2104,EMF-2104,Job Description - Plater Assistant,Issue,12/2/2008,,,,,, Category
EMF-2105,EMF-2105,Job Description - Racking and Packaging,Issue,12/2/2008,,,,,, Category
EMF-2106,EMF-2106,Job Description - Laboratory Testing,Issue,12/2/2008,,,,,, Category
EMF-2107,EMF-2107,Job Description - Inspection and Planning,Issue,12/2/2008,,,, ,, Category
EMF-2108,EMF-2108,Job Description - Quality Office Assistant,Issue,12/2/2008,,,,,, Category
EMF-2109B,EMF-2109B,Training Attendance Form - Multiple Days,C,7/29/2008,5/7/2019,,,,, Category
EMF-2109,EMF-2109,Attendance Roster,A,3/22/2016,5/20/2016,,,,, Category
EMF-2200,EMF-2200,Training Work Instruction  ,Issue,11/24/2008,,,,,, Category
EMF-2201,EMF-2201,Job Description - General Manager,Issue,12/2/2008,,,,,, Category
EMF-2202,EMF-2202,Job Description - Quality Manager,Issue,12/2/2008,,,,,, Category
EMF-2203,EMF-2203,Quality Control Manager - Position Description Statement,B,9/4/2015,8/14/2019,,,,, Category
EMF-2204,EMF-2204,Job Description - Painter,Issue,12/2/2008,,,,,, Category
EMF-2205,EMF-2205,QA Specialist - Position Description Statement,A,9/4/2015,6/15/2017,,,,, Category
EMF-2206,EMF-2206,Quality Supervisor - Position Description Statement,B,9/4/2015,8/14/2019,,,,, Category
EMF-2207,EMF-2207,QA Engineer III - Position Description Statement,Issue,11/9/2015,,,,,, Category
EMF-2208,EMF-2208,QA Engineer - Position Description Statement,Issue,11/9/2015,,,,,, Category
EMF-2209,EMF-2209,Testing Lab/Calibration Technician - Position Description Statement,Issue,6/15/2017,,,,,, Category
EMF-2210,EMF-2210,Process Planning Supervisor - Position Description Statement,Issue,9/25/2017,,,,,, Category
EMF-2211,EMF-2211,Laboratory Manager - Position Description Statement,Issue,11/30/2017,,,,,, Category
EMF-2212,EMF-2212,Shipping Supervisor - Position Description Statement,Issue,3/13/2019,,,,,, Category
EMF-2213,EMF-2213,Shipping & Receiving Clerk - Position Description Statement,Issue,3/13/2019,,,,,, Category
EMF-2214,EMF-2214,Receiving Inspector - Position Description Statement,Issue,3/13/2019,,,,,, Category
EMF-2215,EMF-2215,Quoting Clerk  - Position Description Statement,A,3/13/2019,2/28/2020,,,,, Category
EMF-2216,EMF-2216,Process Planner  - Position Description Statement,A,3/13/2019,3/26/2021,,,,, Category
EMF-2217,EMF-2217,"Maintenance, Sr. Facilities Technician -Position Description Statement",Issue,4/25/2019,,,,,, Category
EMF-2218,EMF-2218,Masking Manager -Position Description Statement,Issue,4/25/2019,,,,,, Category
EMF-2219,EMF-2219,NDT Responsible Level 3 -Position Description Statement,Issue,6/5/2019,,,,,, Category
EMF-2220,EMF-2220,Quality Assistant,Issue,9/12/2019,,,,,, Category
EMF-2221,EMF-2221,Production Packer,Issue,10/23/2019,, ,,,, Category
EMF-2222,EMF-2222,Quality Inspector,Issue,7/29/2020,,,,,, Category
EMF-2223,EMF-2223,Production Expeditor,Issue,7/29/2020,,,,,, Category
EMF-2224,EMF-2224,Masker,Issue,7/31/2020,,,,,, Category
EMF-2225,EMF-2225,Chemical Processor,Issue,7/31/2020,,,,,, Category
EMF-2226,EMF-2226,"Health, Safety and Environment Manager",Issue,7/16/2021,,,,,, Category
EMF-2227,EMF-2227,Non-Destructive Testing Trainee (PT),Issue,7/16/2021,,,,,, Category
EMF-2228,EMF-2228,Process Planning Lead,Issue,3/12/2021,,,,,, Category
EMF-2229,EMF-2229,Quality Planning Engineer,Issue,3/12/2021,,,,,, Category
EMF-2230,EMF-2230,Sr. Process Planner,Issue,3/12/2021,,,,,, Category
EMF-2231,EMF-2231,Quality Supervisor,Issue,3/12/2021,,,,,, Category
EMF-2232,EMF-2232,Quality Control Inspector I,Issue,7/16/2021,,,,,, Category
EMF-2233,EMF-2233,Quality Control Inspector II,Issue,7/16/2021,,,,,, Category
EMF-2235,EMF-2235,Qulaity Masking / Process Planner,Issue,8/27/2021,,,,,, Category
EMF-2236,EMF-2236,Masking Supervisor,Issue,9/1/2021,,,,,, Category
FC-10,FC-10,Chem Film,J,1/28/2009,11/13/2018,3430,,,, Category
FC-14,FC-14,Clean Only,G,1/21/2009,11/13/2018,540 & 3430,,,, Category
FC-14A,FC-14A,Ultrasonic Cleaning,D,7/22/2016,9/27/2018,531 NDT,,,, Category
FC-15,FC-15 ,Bead Blast,B,1/21/2009,12/22/2021,540,,,, Category
FC-17,FC-17,CARC Painting,C,4/20/2009,4/27/2020,"521, 540 & Paint ",,,, Category
FC-18,FC-18,Paint,Issue,1/21/2009,,"521, 540 & Paint ",,,, Category
FC 18A,FC-18A,Application of Adhesive Primers,C,1/4/2010,11/3/2016,"521, 540 & Paint ",,,, Category
FC-20,FC-20,Anodize II Class 1,I,1/21/2009,11/13/2018,540,,,, Category
FC-21,FC-21 ,Anodize II Class 2,H,1/21/2009,11/13/2018,540,,,, Category
FC-22,FC-22,Anodize IIB,H,1/21/2009,11/13/2018,540,,,, Category
FC-23,FC-23,Anodize III Class 1,G,1/21/2009,11/13/2018,540,,,, Category
FC 23 Appendix A,FC-23 Appendix A,Hard Anodize Process Parameters,D,3/27/2014,3/17/2018,540,,,, Category
FC-23T,FC-23T,Anodize III with Teflon Coating,D,2/5/2010,10/30/2018,540,,,, Category
FC-24,FC-24,Anodize III Class 2,G,1/21/2009,11/13/2018,540,,,, Category
FC-25,FC-25,Strip of Anodic Coatings,F,4/21/2009,11/13/2018,540,,,, Category
FC-26,FC-26,Etch Clean Aluminum,I,4/24/2009,3/31/2021,"540, 3430",,,, Category
FC-27,FC-27,Etch Clean Stainless,G,4/24/2009,1/18/2021,540,,,, Category
FC-28,FC-28,Anodize Titanium,J,1/21/2009,11/22/2019,540,,,, Category
FC-29,FC-29,Etch Titanium,E,4/6/2010,11/13/2018,540, ,,, Category
FC-30,FC-30,Electroless Nickel Aluminum Alloy,L,1/21/2009,12/3/2020,540,,,, Category
FC-31,FC-31,Electroless Nickel Steel & S.S.,J,1/21/2009,12/3/2020,540,,,, Category
FC-32,FC-32,Electroless Nickel Brass & Copper,G,1/21/2009,12/3/2020,540,,,, Category
FC-35,FC-35,Strip Nickel,G,4/21/2009,11/5/2020,540,,,, Category
FC-36,FC-36,Electroless Nickel with PTFE Steel & S.S. ,E,10/24/2014,12/3/2020,540,,,, Category
FC-40,FC-40,Nickel Plate Steel & Stainless Steel,K,1/21/2009,11/13/2018,540,,,, Category
FC-41,FC-41,Nickel Plate Copper & Brass,G,1/21/2009,11/13/2018,540,,,, Category
FC-50,FC-50,Passivation,J,1/21/2009,11/13/2018,540,,,, Category
FC-51,FC-51,Zinc Phosphate,H,1/28/2009,11/13/2018,540,,,, Category
FC-60,FC-60,Chromic Anodize Type I and IB,E,3/30/2011,11/13/2018,540,,,, Category
FC-61,FC-61,Phosphoric Acid Anodize,J,6/5/2011,1/19/2021,3430,,,, Category
FC-63,FC-63,NDT Pre/Post Cleaning,D,11/28/2014,6/23/2020,531 NDT,,,, Category
FC-64,FC-64,Passivation - Bell BPS 4007 Procedure I,C,12/11/2015,11/13/2018,540,,,, Category
FC-65,FC-65,Passivation - Bell BPS 4007 Procedure II,B,12/11/2015,11/13/2018,540,,,, Category
FC-66,FC-66,Passivation - Bell BPS 4583 Citric Acid,B,12/11/2015,11/13/2018,540,,,, Category
FC-67,FC-67,FPL Etch,D,2/15/2016,11/5/2020,3430,,,, Category
FC-68,FC-68,Strip Conversion Coating / Chem-Film,C,11/16/2016,11/13/2018,540,,,, Category
FC-69,FC-69,Dry-Film Lubricant Application ,Issue,3/22/2017,,521 & 540,,,, Category
FC-70,FC-70,Nickel Plate Aluminum Alloy,B,6/13/2017,11/13/2018,540,,,, Category
FC-71,FC-71,Electropolishing of Stainless Steel,B,8/1/2018,11/14/2018,540,,,, Category
Cancelled,FC-72,Plating on Plastics,In Draft,,(Brett),(6/5/2018) cancelled 6/8/2020,,,, Category
FC-73,FC-73,Zinc Nickel Aluminum Alloys,A,3/12/2018,1/21/2021,540,,,, Category
FC-74,FC-74,Zinc Nickel Plating -Stainless Steel,Issue,12/2/2019,,540,,,, Category
FC-75,FC-75,Etch-Clean Aluminum,Issue,1/18/2021,,3430,,,, Category
FC-76,FC-76,Etch-Clean Stainless,Issue,1/18/2021,,,,,, Category
LOG-100 Blank Form,LOG-100,Visitor Sign In,B,10/4/2010,7/26/2018,501,,,, Category
LOG-101,LOG-101,Stamp Condition,A,N/A,7/2/2015,501,,,, Category
Live Document,LOG-102,Employee Authorizations / Training Log,I,6/14/2011,4/2/2021,Located Controlled Documents (\\zuma) (p:) ,,,,, Category
Live Document,LOG-102 East,Employee Authorizations / Training Log,Issue,11/12/2021,,,,,, Category
Live Document,LOG-102 Appendix A,Employee Authorizations Training Appendix A,Issue,11/8/2018,,,,,, Category
LOG-103 ,LOG-103,Employee Training Record,C,1/1/2012,1/19/2017,,,,, Category
LOG-200,LOG-200,Chromic Anodize AMP Hour and Surface Tension Log,C,4/18/2011,2/20/2018,540,,,, Category
LOG-201,LOG-201,Chromic Acid Anodize Pressure Drop Log,B,4/18/2011,3/30/2021,540,,,, Category
LOG-500,LOG-500,Calibration Bonded Stores Log,Issue,3/7/2018,,3430,,,, Category
Live Document,LOG-604,C.A.R.C. LOG,A,1/14/2011,1/5/2016,Located Controlled Documents (\\zuma) (p:) ,,,, Category
LOG-700 ,LOG-700,Shop DI Water Verification LOG,I ,8/6/2010,12/11/2020,,,,, Category
Live Document ,LOG-800,Preventative Maintenance Checklist  (540 Spectrum),F,9/1/2010,11/1/2018,Located Controlled Documents (\\zuma) (p:) LOG-800 folder,,,,Category
Live Document,LOG-800A,Preventative Maintenance Checklist  (521B Spectrum),F,9/1/2010,11/1/2018,Located Controlled Documents (\\zuma) (p:) LOG-800 folder,,,,Category
Live Document,LOG-800B,Preventative Maintenance Checklist  (3430 Galaxy),F,1/2/2014,11/1/2018,Located Controlled Documents (\\zuma) (p:) LOG-800 folder,,,,Category
Live Document,LOG-800C,Preventative Maintenance Checklist  (531 Spectrum),F,4/14/2015,11/1/2018,Located Controlled Documents (\\zuma) (p:) LOG-800 folder,,,,Category
LOG-800D,LOG-800D,Paint Booth Maintenance LOG,Issue,12/5/2013,,521 & 540,,,, Category
Live Document,LOG-800E,Preventative Maintenance Checklist  (501 Spectrum),F,7/15/2016,11/1/2018,Located Controlled Documents (\\zuma) (p:) LOG-800 folder,,,,Category
LOG-800F ,LOG-800F,Crane Maintenance LOG,Issue,1/31/2019,,,,,, Category
Live Document,LOG-800G,Preventative Maintenance Checklist  (3431 Galaxy),Issue,5/29/2019,,Located Controlled Documents (\\zuma) (p:) LOG-800 folder,,,, Category
Live Document,LOG-800-1,Preventative Maintenance Weekly Findings (540 Spectrum),D,10/18/2013,11/1/2018,Located Controlled Documents (\\zuma) (p:) LOG-800 folder,,,, Category
Live Document,LOG-800A-1,Preventative Maintenance Weekly Findings (521-B Spectrum),D,10/18/2013,11/1/2018,Located Controlled Documents (\\zuma) (p:) LOG-800 folder,,,,Category
Live Document,LOG-800B-1,Preventative Maintenance Weekly Findings (3430 Galaxy),D,10/18/2013,11/1/2018,Located Controlled Documents (\\zuma) (p:) LOG-800 folder,,,,Category
Live Document,LOG-800C-1,Preventative Maintenance Weekly Findings (531 Spectrum),D,4/14/2015,11/1/2018,Located Controlled Documents (\\zuma) (p:) LOG-800 folder,,,,Category
Live Document,LOG-800E-1,Preventative Maintenance Weekly Findings  (501 Spectrum),D,10/18/2013,11/1/2018,Located Controlled Documents (\\zuma) (p:) LOG-800 folder,,,,Category
Live Document,LOG-800G-1,Preventative Maintenance Weekly Findings (3431 Spectrum),Issue,5/29/2019,,Located Controlled Documents (\\zuma) (p:) LOG-800 folder,,,, Category
LOG-802.,LOG-802,Forklift Safety Checklist,A,8/1/2013,10/17/2014,520,,,, Category
LOG-810 ,LOG-810,City of Oxnard Effluent Reporting Form,A,3/2/2015,1/2/2020,540 LAB,,,, Category
LOG-825,LOG-825,Red Tag Log,Issue,6/19/2015,,540 LAB,,,, Category
LOG-825A,LOG-825A,Red Tag -Tank Temp Out-of-Spec Do Not Use,Issue,6/19/2015,,540,,,, Category
LOG-825B,LOG-825B,Red Tag -Out-of-Spec Do Not Use,Issue,6/19/2015,,540,,,, Category
LOG-831A,LOG-831A,F.O.D. Sweep LOG 540 Shop Floor/Berm,H,11/12/2009,12/5/2018,540 Elena,,,, Category
LOG-831B,LOG-831B,F.O.D. Sweep LOG 3430 Shop Floor/Berm,E,7/12/2009,6/1/2021,3430 Nicole,,,, Category
LOG-831C,LOG-831C,F.O.D. Sweep LOG 521 Shop Floor,C,2/23/2014,12/5/2018,521 Inspection Desk,,,, Category
LOG-831D,LOG-831D,F.O.D. Sweep LOG 531 Shop Floor,C,11/18/2015,12/5/2018,531 Masking Office,,,, Category
LOG-831E,LOG-831E,F.O.D. Sweep LOG 501 Shop Floor,A,1/22/2018,12/5/2018,501 Shipping / Receiving,,,, Category
LOG-831 (East),LOG-831 East,F.O.D. Sweep LOG 501 Shop Floor,Issue,11/9/2021,,East,,,, Category
LOG-832,LOG-832,Bond Cage Log In / Out Sheet,A,2/24/2009,6/21/2012,"501, 531, 540, 3430 & Paint",Inspectors,"2/1,1
02/24/21",, Category
LOG-834,LOG-834,Paint And Coating Log Book,C,7/1/2006,7/6/2012,501,,,, Category
LOG-835,LOG-835,Paint Dept. Temperature and RH LOG,D,9/20/2010,3/23/2018,"521, 531, 540 & 3430",,,, Category
LOG-836,LOG-836,Compressed Air Verification LOG (Workbook),F,5/5/2009,3/20/2018,Maintenance,COMPLETED,2/21/2017,, Category
LOG-837,LOG-837,Periodic Thickness Verification LOG,A,5/5/2009,8/26/2010,"521, 540 & 3430",,,, Category
LOG-839,LOG-839,Paint Booth / Storage Maintenance LOG,A,5/26/2009,9/7/2010,"521, 531, 540 & 3430",,,, Category
LOG-840,LOG-840,Paint Gun Cleaning LOG,Issue,5/26/2009,,521 & 540,,,, Category
LOG-841,LOG-841,Blue M Oven Heat Treat LOG,A,9/30/2008,7/1/2016,540,,,, Category
LOG-842,LOG-842 ,Blast Cabinet Clean Log,C,5/9/2009,6/9/2017,540,,,, Category
LOG-842A,LOG-842A,Bead Blast Dust Collector Clean Out Log,A,3/4/2014,6/9/2017,540,,,, Category
LOG-842B,LOG-842B,Blast Room Checklist,Issue,6/15/2016,,540,,,, Category
LOG-842C,LOG-842C,Blast Room Safety Checklist,Issue,6/22/2016,,540,,,, Category
SEE LAB-843,LOG-843,See LAB-843,,,,540,,,, Category
LOG-844,LOG-844,Chemical Supplies Receiving Log,B,4/16/2009,5/31/2016,540,,,, Category
LOG-845,LOG-845,Copper Sulfate Test LOG,A,7/1/2006,11/1/2021,540,,,, Category
LOG-848,LOG-848,Customer Supplied Product & Gages Log,A,7/16/2010,7/28/2015,540,,,, Category
LOG-849,LOG-849,Adhesive Prime Log In/Out ,B,1/4/2010,3/26/2018,540,,,, Category
Live Document,LOG-855,Test Material Inventory,C,9/13/2010,9/10/2018,540 LAB Chemdocs (\\zuma) (o:) ,,,, Category
LOG-857,LOG-857,Test Material Receiving LOG,Issue,8/1/2012,,540 LAB ,,,, Category
LOG-861,LOG-861,JPW Oven Heat Treat LOG,A,8/30/2010,7/1/2016,540 LAB ,,,, Category
LOG-862,LOG-862,24 Hr. Immersion Test LOG,B,1/21/2011,11/1/2021,540 LAB ,,,, Category
LOG-864 ,LOG-864,24 Hr. Immersion Chamber Maintenance LOG,A,2/1/2011,3/31/2021,540 LAB ,,,, Category
Live Document,LAB-865,Laboratory Chemicals Inventory LOG,A,7/12/2011,1/26/2017,540 LAB Chemdocs (\\zuma) (o:) ,,,, Category
LOG-866  ,LOG-866,Zinc Phosphate Coating Weight Template LOG,A,N/A,2/12/2020,,,,, Category
LAB-867,LAB-867,Salt Spray Interruption & Compressed Air Verification LOG,A,1/3/2011,11/21/2016,540 LAB ,,,, Category
LOG-868,LOG-868,Current Density Calculator LOG,D,7/22/2010,12/10/2015,,,,, Category
LOG-889 ,LOG-869,Anodize Strip Solution Control Log,Issue,8/23/2011,, ,,,, Category
Live Document,LOG-870,pH Adjust Daily Probe Clean & Cal. Log,Issue,12/21/2011,,540 LAB Chemdocs (\\zuma) (o:) ,,,, Category
LAB-872,LAB-872, Electroless Nickel Tank Passivation Log,A,1/25/2016,10/19/2016,540 LAB ,,,, Category
Live Document,LAB-874,Bulk Chemical Storage Inventory LOG,A,8/11/2012,1/26/2017,540 LAB Chemdocs (\\zuma) (o:) ,,,, Category
Live Document,LOG-875,Salt Density Calculator LOG,Issue,12/1/2011,,540 LAB Chemdocs (\\zuma) (o:) ,,,, Category
Live Document,LOG-876,Rate of Etch Calculator LOG,D,2/3/2014,1/16/2020,540 LAB Chemdocs (\\zuma) (o:)  Rate of Etch Log Folder,,,, Category
LOG-877 ,LOG-877,JPW-521 Oven Heat Treat LOG,A,2/14/2014,7/1/2016,521,,,, Category
LOG-880,LOG-880,Grieve-540 Oven Heat Treat LOG,A,8/26/2014,7/1/2016,540,,,, Category
LOG-881A,LOG-881A,Lap Shear Testing Report / SPX-00007580,D,11/4/2016,8/6/2021,3430 LAP SHEAR,,,, Category
LOG-882,LOG-882,Adhesive Mix Log,A,1/21/2015,8/7/2018,3430 LAP SHEAR,,,, Category
LOG-883,LOG-883,Freezer Daily Temperature Check,Issue,5/18/2015,,501 QA,,,, Category
LOG-886,LOG-886,FPL Etch Paste Log,Issue,9/8/2015,,540,,,, Category
LOG-887,LOG-887,Record Request Log ,Issue,10/15/2015,,501 Accounting,,,, Category
LOG-889,LOG-889,Daily Tank Inspection Checklist,A,10/29/2015,11/6/2017,540,,,, Category
LOG-891,LOG-891,Boiler and Feed Water Testing Log,Issue,6/22/2016,,520,,,, Category
LOG-892A,LOG-892A,Water Content Log - Sensitivity Level 2,A,7/1/2016,11/30/2018,531,,,, Category
LOG-892B,LOG-892B,Water Content Log - Sensitivity Level 3,C,7/1/2016,11/30/2018,531,,,, Category
LOG-892C,LOG-892C,Water Content Log - Sensitivity Level 4,B,7/1/2016,1/28/2021,531,,,, Category
Live Document,LOG-900,SRI LOG- Space X Supplier Request for Information,Issue,2/20/2015,,Located Controlled Documents (\\zuma) (p:),,,, Category
LOG-901,LOG-901,BR-1-3430 Oven Heat Treat LOG,Issue,9/28/2016,,3430,,,, Category
LOG-902,LOG-902,BR-2-3430 Oven Heat Treat LOG,Issue,9/28/2016,,3430,,,, Category
LOG-904,LOG-904,Adhesive Primer Receiving Refrigerator/Freezer Log,Issue,11/18/2016,,501,,,, Category
Live Document ,LOG-905,External Documents & Materials Log,A,11/30/2016,9/28/2017,"Common Vault : Receiving, Planning & Shipping folder",,10/19/17 & 10/20/17,, Category
LOG-906,LOG-906,Laboratory and Calibration Supplies Receiving Log,A,12/16/2016,7/15/2020,,,,, Category
LOG-907,LOG-907,Process Tank Maintenance Log,A,8/3/2017,11/8/2018,540,,,, Category
LOG-908,LOG-908,Press/Pull Report LOG,A,8/24/2017,10/17/2017,3430 LAP SHEAR,,,, Category
LOG-909,LOG-909,LAP Shear Log,A,10/26/2017,3/28/2018,3430 LAP SHEAR,,,, Category
LOG-910,LOG-910,Masking Tools Verification LOG,A,10/19/2018,11/5/2018,3430,,,, Category
LOG-912,LOG-912,End of Shift Checklist for 3430 Galaxy Berm's,B,2/27/2019,12/2/2020,,,,, Category
LOG-913,LOG-913,AFC-3431 Oven Heat Treat Log,Issue,6/15/2021,,,,84 total,, Category
LOG-914,LOG-914,T-Peel Log,Issue,6/19/2021,,DRA 2021-048,,,, Category
LOG-915,LOG-915,Issue Back Up Stamp,Issue,6/29/2021,,DRA 2021-050,,,, Category
LOG-916,LOG-916,T-Peel Test / ASTM D1876-08,Issue,8/17/2021,,DRA 2021-057,,,, Category
,TP-01,Work & Process,Issue,1/26/2009,,,,,, Category
,TP-01A,Worksheet,Issue,1/26/2009,,,,,, Category
,TP-02,Packaging,Issue,2/11/2009,,,,,, Category
,TP-03,Masking,Issue,2/11/2009,,,,,, Category
TP-04 ,TP-04,Racking for Chemical Processing,A,2/3/2009,8/6/2012,,,,, Category
,TP-05,Clean Only,Issue,2/23/2009,,,,,, Category
,TP-06,Sizes & Dimensions,Issue,1/26/2009,,,,,, Category
,TP-06A,Worksheet,Issue,1/26/2009,,,,,, Category
,TP-07,Receiving Insp. & Planning,A,2/6/2009,2/14/2013,,,,, Category
,TP-08,Quality Office Assistant,Issue,2/6/2009,,,,,, Category
,TP-09,Non Destructive Testing,Issue,2/6/2009,,,,,, Category
,TP-10,Blueprint Review,Issue,1/15/2009,,,,,, Category
TP-11,TP-11,Bead Blast,C,3/3/2009,12/10/2021,,,,, Category
,TP-12,Stripping Painted Coatings,Issue,2/6/2009,,,,,, Category
,TP-12A,Chemical Strip of ANO/Chem-Film,Issue,2/6/2009,,,,,, Category
,TP-12B,Chemical Strip of Nickel,Issue,2/6/2009,,,,,, Category
,TP-13,Water Break Inspection,Issue,2/6/2009,,,,,, Category
,TP-14,Chemical Conversion Coat,Issue,2/23/2009,,,,,, Category
,TP-15,Passivation,Issue,4/28/2009,,,,,, Category
,TP-16,Zinc Phosphate,Issue,2/6/2009,,,,,, Category
,TP-17,Sulfuric Anodize,A,4/29/2009,2/4/2010,,,,, Category
,TP-20A,Thick Test - Eddy Current,A,2/6/2009,4/30/2013,,,,, Category
TP-20B,TP-20B,Thick Test - Micrometer,Issue,4/28/2021,,DRA 2021-029 (CANCELLED)  ISSUED DRA 2021-029,,,, Category
,TP-21,Electroless Nickel,B,4/9/2009,11/4/2013,,,,, Category
,TP-22,Nickel Plate,Issue,2/6/2009,,,,,, Category
,TP-23,Painted Coatings,C,3/2/2009,1/7/2014,,,,, Category
,TP-24,Laboratory Testing,Issue,2/6/2009,,,,,, Category
,TP-25,Final Inspection,Issue,3/4/2009,,,,,, Category
,TP-26,General Safety,Issue,3/26/2012,,,,,, Category
TP-27,TP-27,NDT Training,C,3/26/2012,6/25/2020,,,,, Category
,TP-28,IGA AND EGP EVAL,Issue,6/11/2012,,,,,, Category
,TP-29,Measurement Using A Metallurgical Microscope,Issue,6/11/2012,,,,,, Category
,TP-30,Near Vision Acuity Test ,Issue,9/11/2013,,,,,, Category
,TP-31,NDT Internal Auditing,Issue,9/11/2013,,,,,, Category
LAB-001,LAB-001,#1 Hot Soak Cleaner,A,12/17/2016,10/12/2018,,,,, Category
LAB-002,LAB-002,#2 Running Rinse,A,12/17/2016,1/26/2021,,,,, Category
LAB-003,LAB-003,#3 Caustic Etch,B,12/18/2016,1/26/2021,,,,, Category
LAB-004,LAB-004,#4 Running Rinse,Issue,12/20/2016,,,,,, Category
LAB-005,LAB-005,#5 Running Water Rinse,Issue,12/17/2016,,,,,, Category
LAB-006,LAB-006,#6 Deoxidizer,Issue,12/17/2016,,,,,, Category
LAB-007,LAB-007,#7 Running Water Rinse,Issue,12/17/2016,,,,,, Category
LAB-008,LAB-008,#8 Anodize Type II,Issue,12/17/2016,,,,,, Category
LAB-009,LAB-009,#9 D.I. Water Rinse,Issue,12/17/2016,,,,,, Category
LAB-010,LAB-010,#10 D.I. Water Shower,Issue,12/17/2016,,,,,, Category
LAB-011,LAB-011,#11 D.I. Water Rinse,Issue,12/17/2016,,,,,, Category
LAB-012,LAB-012,"#12 Black Dye (Sanodal Deep Black HBL, Sodium Acetate)",A,11/11/2016,3/20/2020,,,,, Category
LAB-013,LAB-013,#13 Drag Out Rinse,A,12/20/2016,11/11/2018,,,,, Category
LAB-014,LAB-014,#14 Running Rinse,Issue,12/20/2016,,,,,, Category
LAB-015,LAB-015,#15 D.I. Water Rinse,A,12/20/2016,7/7/2017,,,,, Category
LAB-016,LAB-016,#16 RO-59 TM4 PTFE Seal,A,12/20/2016,1/12/2018,,,,, Category
LAB-017,LAB-017,#17 Zinc Phosphate Seal,Issue,12/20/2016,,,,,, Category
LAB-018,LAB-018,#18 D.I. Water Shower,Issue,12/20/2016,,,,,, Category
LAB-DYE GOLD S,LAB-DYE,Dye-Gold S  (refer to Solution Analysis Log EMF-1275),Issue,2/27/2018,,Formerly TANK # 19- VARIABLE TANK # ,,,, Category
LAB-DYE GREY NLN,LAB-DYE,Grey NLN Dye (refer to Solution Analysis Log EMF-1277),Issue,2/27/2018,,Formerly TANK # 19- VARIABLE TANK # ,,,, Category
LAB-DYE BORDEAUX RED,LAB-DYE,Bordeaux Dye (refer to Solution Analysis Log EMF-1278),Issue,2/27/2018,,Formerly TANK # 19- VARIABLE TANK # ,,,, Category
LAB-DYE VIOLET 3D,LAB-DYE,Violet 3D ,Issue,2/27/2018,,VARIABLE TANK #,,,, Category
LAB-DYE GREEN AEN,LAB-DYE,Green Aen,Issue,2/27/2018,,VARIABLE TANK #,,,, Category
LAB-020  (LIVE),LAB-020,#20 Dye,A,12/20/2016,2/1/2021,,,,, Category
LAB-021 (LIVE),LAB-021,#21 Dye,A,12/20/2016,2/1/2021,,,,, Category
LAB-022 (LIVE),LAB-022,#22 Dye,A,12/20/2016,2/1/2021,Formerly TANK # 22- VARIABLE TANK #,,,, Category
LAB-023,LAB-023,#23 Stainless Brightener,Issue,12/20/2016,,,,,, Category
LAB-024,LAB-024,#24 Drag Out Rinse,A,11/11/2018,,,,,, Category
LAB-025,LAB-025,#25 Running Rinse Accumulator,Issue,12/20/2016,,,,,, Category
LAB-026,LAB-026,#26 Acid Bifluoride Etch,Issue,12/20/2016,,,,,, Category
LAB-027,LAB-027,#27 Drag Out Rinse,A,12/20/2016,11/12/2018,,,,, Category
LAB-028,LAB-028,#28 Drag Out Rinse,A,12/20/2016,11/12/2018,,,,, Category
LAB-029,LAB-029,#29 Drag Out Rinse,B,12/20/2016,1/29/2021,,,,, Category
LAB-030,LAB-030,#30 Anodize Type II,Issue,12/20/2016,,,,,, Category
LAB-031,LAB-031,#31 Chem Film Touch Up,E,12/20/2016,1/3/2022,,,,, Category
LAB-032,LAB-032,#32 Drag Out Rinse,Issue,12/20/2016,,,,,, Category
LAB-033,LAB-033,#33 Anodal PTFE Seal,A,12/20/2016,11/12/2018,,,,, Category
LAB-034,LAB-034,#34 Dilute Chromic Seal,Issue,12/20/2016,,,,,, Category
LAB-035,LAB-035,#35 Dichromate Seal,Issue,12/20/2016,,,,,, Category
LAB-036,LAB-036,#36 Drag Out Rinse,Issue,12/20/2016,,,,,, Category
LAB-037,LAB-037,#37 Passivate Type II,A,12/20/2016,7/10/2020,,,,, Category
LAB-038,LAB-038,#38 Passivate Type VIII,A,12/20/2016,7/10/2020,,,,, Category
LAB-039,LAB-039,#39 Passivate Type VI,A,12/20/2016,7/10/2020,,,,, Category
LAB-040,LAB-040,#40 Running Rinse,Issue,12/20/2016,,,,,, Category
LAB-041,LAB-041,#41 Drag Out Rinse,A,12/20/2016,11/15/2018,,,,, Category
LAB-042,LAB-042,#42 Hot D.I. Rinse,A,12/20/2016,1/22/2021,,,,, Category
LAB-044,LAB-044,#44 Drag Out Rinse Tank,Issue,7/7/2017,,,,,, Category
LAB-046,LAB-046,#46 Nickel Acetate Seal,Issue,12/20/2016,,,,,, Category
LAB-047,LAB-047,#47 Hot Water Seal,A,12/20/2016,11/15/2018,,,,, Category
LAB-048,LAB-048,#48 Surface Conditioner,Issue,12/20/2016,,,,,, Category
LAB-049,LAB-049,#49 Drag Out Rinse,A,12/20/2016,11/15/2018,,,,, Category
LAB-051,LAB-051,#51 Nitric + HF Etch,A,12/20/2016,11/29/2018,,,,, Category
LAB-052,LAB-052,#52 Drag Out Rinse,A,12/20/2016,11/15/2018,,,,, Category
LAB-054,LAB-054,#54 Drag Out Rinse,A,12/20/2016,11/15/2018,,,,, Category
LAB-055,LAB-055,#55 Titanium Anodize,Issue,12/20/2016,,,,,, Category
LAB-056,LAB-056,#56 Drag Out Rinse ,A,12/20/2016,11/15/2018,,,,, Category
LAB-057,LAB-057,#57 Chromic Acid Anodize,B,12/20/2016,2/10/2021,,,,, Category
LAB-058,LAB-058,#58 Ammonium Bifluoride,B,12/20/2016,5/12/2021,,,,, Category
LAB-059,LAB-059,#59 Sulfamate Nickel,Issue,12/20/2016,,,,,, Category
LAB-060,LAB-060,#60 Drag Out Rinse,Issue,12/20/2016,,,,,, Category
LAB-061,LAB-061,#61 Electroless Nickel PTFE,Issue,12/20/2016,,,,,, Category
LAB-062,LAB-062,#62 Cleaner,C,11/11/2016,1/28/2019,,,,, Category
LAB-063,LAB-063,#63 Running Rinse,C,12/20/2018,1/28/2021,,,,, Category
LAB-065,LAB-065,#65 D.I. Water Shower,Issue,12/20/2016,,,,,, Category
LAB-066,LAB-066,#66 Electroless Nickel (High Phosphorous),B,12/20/2016,7/22/2019,,,,, Category
LAB-066A (Live),LAB-066A,#66A Nichem 5104 (High Phos) Tank #66,B,1/17/2017,11/24/2020,,,,, Category
LAB-067,LAB-067,#67 Drag Out Rinse,Issue,12/20/2016,,,,,, Category
LAB-068,LAB-068,#68 Electroless Nickel (Mid Phos),C,12/20/2016,7/22/2019,,,,, Category
LAB-068A (Live),LAB-068A,#68 Nichem 2100 (Mid-Phos),A,11/17/2017,11/24/2020,,,,, Category
LAB-070,LAB-070,#70 Water Jacket,D,12/20/2016,1/22/2021,,,,, Category
LAB-071,LAB-071,#71 Zincate Strip,B,12/20/2016,6/5/2018,,,,, Category
LAB-072,LAB-072,#72 Drag Out Rinse,A,12/20/2016,11/15/2018,,,,, Category
LAB-073,LAB-073,#73 Zinc Phosphate,Issue,12/20/2016,,,,,, Category
LAB-074,LAB-074,#74 Woods Nickel Strike,Issue,12/20/2016,,,,,, Category
LAB-075,LAB-075,#75 Drag Out Rinse,Issue,12/20/2016,,,,,, Category
LAB-076,LAB-076,#76 Drag Out Rinse,Issue,12/20/2016,,,,,, Category
LAB-077,LAB-077,#77 Ferric Chloride Etch,A,3/1/2014,9/1/2021,Formerly EMF-077,,,, Category
LAB-078,LAB-078,#78 Running Rinse,A,12/20/2016,7/6/2017,,,,, Category
LAB-079,LAB-079,#79 HCl Acid Clean,B,12/20/2016,1/28/2021,,,,, Category
LAB-080,LAB-080,#80 Anodic Cleaner,Issue,6/5/2020,,,,,, Category
LAB-082,LAB-082,#82 Nitric Acid,Issue,12/20/2016,,,,,, Category
LAB-083,LAB-083,#83 Bright Dip,A,12/21/2016,9/9/2020,,,,, Category
LAB-084,LAB-084,#84 Drag Out Rinse,B,12/21/2016,9/9/2020,,,,, Category
LAB-085,LAB-085,#85 Nickel Stripper,A,12/21/2016,9/4/2020,,,,, Category
LAB-086,LAB-086,#86 Zincate,B,12/21/2016,7/24/2019,,,,, Category
LAB-087,LAB-087,#87 Drag Out Rinse,B,12/21/2016,7/24/2019,,,,, Category
LAB-088,LAB-088,#88 Running Rinse,Issue,12/21/2016,,,,,, Category
LAB-089,LAB-089,#89 Drag Out Rinse,B,12/21/2018,7/24/2019,,,,, Category
LAB-091,LAB-091,#91 Ultrasonic Cleaner,C,12/21/2016,3/6/2020,,,,, Category
LAB-092,LAB-092,#92 Dead Rinse,C,12/21/2016,3/6/2020,,,,, Category
LAB-093,LAB-093,#93 Dead Rinse,C,12/21/2016,3/6/2020,,,,, Category
LAB-094,LAB-094,#94 pH Adjust Stage 1,Issue,12/21/2016,,,,,, Category
LAB-095,LAB-095,#95 pH Adjust Stage 2,Issue,12/21/2016,,,,,, Category
LAB-096,LAB-096,#96 pH Adjust Waste Water,Issue,12/21/2016,,,,,, Category
LAB-097,LAB-097,#97 Batch Treatment 1,Issue,12/21/2016,,,,,, Category
LAB-098,LAB-098,#98 Batch Treatment 2,Issue,12/21/2016,,,,,, Category
LAB-099,LAB-099,#99 D.I. Rinse Holding Tank #1,A,12/21/2016,2/10/2021,,,,, Category
LAB-100,LAB-100,#100 Nickel Holding Tank,A,12/21/2016,2/9/2021,,,,, Category
LAB-101,LAB-101,#101 D.I. Rinse Holding Tank #2,A,12/21/2016,2/9/2021,,,,, Category
LAB-102,LAB-102,#102 Filter Press Slurry,A,12/21/2016,2/10/2021,,,,, Category
LAB-103,LAB-103,#103 Filter Press Water Hold Tank,A,12/21/2016,2/10/2021,,,,, Category
LAB-104,LAB-104,#104 Caustic pH Adjust,A,12/21/2016,2/10/2021,,,,, Category
LAB-105,LAB-105,#105 Acid pH Adjust,A,12/21/2016,2/10/2021,,,,, Category
LAB-106,LAB-106,#106 Condensate Return,Issue,12/21/2016,,,,,, Category
LAB-107,LAB-107,#107 Steam Condensate Return,Issue,12/21/2016,,,,,, Category
LAB-108,LAB-108,#108 Rack Stripper,Issue,12/29/2020,,,,,, Category
LAB-109,LAB-109,#109 Drag Out Rinse,A,7/7/2017,12/29/2020,,,,, Category
LAB-113,LAB-113,#113 Citric Acid Passivate,A,7/7/2017,10/5/2018,,,,, Category
LAB-115,LAB-115,#115 Running Rinse Tank,Issue,7/6/2017,,,,,, Category
LAB-117,LAB-117,#117 Dye,A,7/6/2017,2/1/2021,,,,, Category
LAB-118,LAB-118,#118 Zinc- Nickel Tank,Issue,7/6/2017,,,,,, Category
LAB-119,LAB-119,#119 Drag Out Rinse Tank,Issue,7/6/2017,,,,,, Category
LAB-120,LAB-120,#120 Tri-Chrome Converiosn Tank,Issue,7/6/2017,,,,,, Category
LAB-123,LAB-123,#123 Electropolish Tank,A,8/15/2018,10/26/2018,,,,, Category
LAB-124,LAB-124,#124 Drag Out Rinse Tank,Issue,8/15/2018,,,,,, Category
LAB-126,LAB-126,#126 Hot D.I. Rinse,Issue,5/14/2018,,,,,, Category
LAB-127,LAB-127,#127 D.I. Water Shower,Issue,5/14/2018,,,,,, Category
LAB-128,LAB-128,#128 Electroless Nickel (Mid-Phosphorus),A,7/9/2018,11/24/2020,,,,, Category
LAB-128A (Live),LAB-128A ,#128A Nichem 2100 (Mid-Phos),A,11/17/2017,11/24/2020,,,,, Category
LAB-129,LAB-129,#129 Drag Out Rinse,A,7/9/2018,11/24/2020,,,,, Category
LAB-130,LAB-130,#130 Drag Out Rinse,A,5/14/2018,11/24/2020,,,,, Category
LAB-131,LAB-131,#131 Electroless Nickel (High-Phosphorus),A,5/14/2018,11/24/2020,,,,, Category
LAB-131A (Live),LAB-131A,#131A Nichem 5104 (High-Phos),Issue,11/24/2020,,,,,, Category
LAB-132,LAB-132,#132 Marble's Etch,A,5/14/2018,12/9/2020,,,,, Category
LAB-133,LAB-133,#133 Drag Out Rinse,A,5/14/2018,12/9/2020,,,,, Category
LAB-145,LAB-145,#145 Water Receiving Tank,Issue,5/14/2018,,,,,, Category
LAB-201,LAB-201,#201  Cleaner Brulin 815GD,B,8/26/2016,10/19/2018,,,,, Category
LAB-202,LAB-202,#202 Running Rinse,A,8/26/2016,10/19/2018,,,,, Category
LAB-203,LAB-203,#203 Caustic Etch (Oakite 160),C,8/26/2016,11/1/2018,,,,, Category
LAB-204,LAB-204,#204 Drag Out Rinse,A,8/26/2016,11/1/2018,,,,, Category
LAB-205,LAB-205,#205 Running Rinse,A,8/26/2016,11/1/2018,,,,, Category
LAB-206,LAB-206,"#206 Deoxidizer (Deoxidizer LNC, Nitric Acid)",B,8/26/2016,11/1/2018,,,,, Category
LAB-207,LAB-207,#207 Drag Out Rinse,A,8/26/2016,11/1/2018,,,,, Category
LAB-208,LAB-208,#208 Running Rinse,A,8/26/2016,11/1/2018,,,,, Category
LAB-209,LAB-209,#209 D.I. Water Rinse,A,8/26/2016,11/27/2018,,,,, Category
LAB-210,LAB-210,#210 Gold Chem Film ,B,8/26/2016,11/27/2018,,,,, Category
LAB-211,LAB-211,#211 RoHS Chem Film ,A,8/26/2016,3/16/2017,Formerly DRAG OUT RINSE,,,, Category
LAB-212,LAB-212,#212 FPL Etch ,B,8/26/2016,11/27/2018,,,,, Category
LAB-213,LAB-213,#213 Drag Out Rinse,B,8/26/2016,11/28/2018,,,,, Category
LAB-214,LAB-214,#214 Running Rinse,C,8/26/2016,11/28/2018,,,,, Category
LAB-215,LAB-215,#215 Phosphoric Acid Anodize,B,8/26/2016,11/28/2018,,,,, Category
LAB-216,LAB-216,#216 Running Rinse,C,8/26/2016,11/28/2018,,,,, Category
LAB-217,LAB-217,#217 Hot D.I. Rinse,B,8/26/2016,1/19/2021,,,,, Category
LAB-301,LAB-301,#301 Soak Cleaner,B,4/23/2018,2/18/2019,,,,, Category
LAB-302,LAB-302,#302 Drag Out Rinse,A,4/23/2018,2/18/2019,,,,, Category
LAB-303,LAB-303,#303 Caustic Etch ,A,4/23/2018,10/31/2018,,,,, Category
LAB-304,LAB-304,#304 Dexoidizer,A,4/23/2018,8/10/2018,,,,, Category
LAB-305,LAB-305,#305 Drag Out Rinse ,B,4/23/2018,1/12/2021,,,,, Category
LAB-306,LAB-306,#306 Marble's Etch,B,4/23/2018,12/9/2020,,,,, Category
LAB-307,LAB-307,#307 Drag Out Rinse,Issue,12/9/2020,,,,,, Category
LAB-400 Bucket Sign Template,LAB-400,Template for Bucket Signs,Issue,10/10/2018,,,,,, Category
LAB-320,LAB-320,Intergranular  Attack & End Grain Pitting,B,9/27/2016,7/31/2018,,,,, Category
LAB-321,LAB-321,Procedure for Measurement Using Microscope,Issue,10/3/2016,,,,,, Category
LAB-322,LAB-322,Microhardness Testing,Issue,5/30/2017,,,,,, Category
LAB-323,LAB-323,Chromic Anodize Percent Hydration Testing,Issue,2/27/2017,,,,,, Category
LAB-324,LAB-324,Hydrogen Embrittlement Testing,Issue,10/16/2018,,,,,, Category
LAB-325,LAB-325,Hydrogen Embrittlement Test Log,A,10/18/2017,10/11/2018,,,,, Category
LAB-501,LAB-501,Process Tank Layout (BERM #1),J,8/18/2011,2/10/2021,,,,, Category
LAB-610,LAB-610,Periodic Test Requirements,L,2/12/2009,1/6/2021,, ,,, Category
LAB-829 ,LAB-829,Zinc Phosphate Coating Weight Test,B,4/27/2010,9/19/2017,,,,, Category
LAB-843,LAB-843,Salt Spray Chamber Log,C,1/5/2009,1/2/2018,,,,, Category
LAB-844,LAB-844,Electrical Resistance Testing of Class 3 Chemfilm Coatings,B,6/25/2010,10/23/2017,,,,, Category
LAB-851A ,LAB-851A,Temperature Controller Verification Sheet,O,6/1/2009,12/1/2020,,,,, Category
LAB-860A,LAB-860A,Salt Spray Cabinet Operating Parameters (Sign),C,3/22/2010,1/29/2018,,,,, Category
Live Document,LAB-869,Anodize Strip Solution Control LOG,Issue,8/23/2011,,540 LAB Chemdocs (\\zuma) (o:) ,,,, Category
LAB-884,LAB-884,Chromic Anodize Percent Hydration Control Log,A,1/5/2015,3/2/2017,,,,, Category
LAB-890,LAB-890,Preparation of Metallographic Specimens,A,11/7/2016,12/16/2016,,,,, Category
LAB-891,LAB-891,Process Tank Layout (3430 Galaxy BERM #2),D,2/16/2017,1/19/2021,,,,, Category
LAB-892,LAB-892,Process Tank Layout (3430 BERM #3),A,10/10/2018,1/18/2021,,,,, Category
Live Document,LAB-1002,Age of Solutions,F,3/24/2016,3/11/2020,540 LAB Chemdocs (\\zuma) (o:) ,Formally EMF-1003,,, Category
,EMF-1010,NB Aldet L.N.S.,D,,,,,,, Category
,EMF-1011,Aluminux 1000,F,6/23/2008,7/24/2014,,,,, Category
LAB-1013,LAB-1013,Alodine 1200S Test Procedures,H,6/23/2008,1/3/2022,,,,, Category
,EMF-1014,Alodine 1500 (Clear),C,,,,,,, Category
LAB-1015,LAB-1015,NB Alodine T-5900 (RoHS),D,6/26/2008,10/27/2018,,,,, Category
LAB-1016,LAB-1016,Anodize Type II,E,6/20/2008,1/28/2021,Formerly EMF-1016,,,, Category
LAB-1017,LAB-1017,Anodize Type III,E,6/23/2008,2/19/2018,Formerly EMF-1017,,,, Category
LAB-1018,LAB-1018,Zincate Test Procedure,F,6/23/2008,7/24/2019,,,,, Category
LAB-1019,LAB-1019,Black Dye HBL,C,1/11/2012,3/2/2020,,,,, Category
LAB-1020,LAB-1020,Dichromate Seal Test Procedures ,B,8/1/2011,11/21/2018,,,,, Category
LAB-1021,LAB-1021,Passivate Type VI,E,6/23/2008,7/10/2020,Formerly EMF-1021,,,, Category
LAB-1022,LAB-1022,Passivate Type II,F,6/23/2008,7/10/2020,Formerly EMF-1022,,,, Category
LAB-1023,EMF-1023,Oakite 90 Test Procedures,F,6/18/2008,11/2/2021,,,,, Category
LAB-1024,LAB-1024,Nickel Acetate Seal Test Procedure -Anoseal 9000,E,6/23/2008,11/5/2018,,,,, Category
LAB-1025,EMF-1025,Anodic Cleaner,D,6/18/2008,6/5/2020,,,,, Category
LAB-1026,EMF-1026,NB Woods Nickel Strike,D,6/24/2008,11/11/2020,,,,, Category
LAB-1028,LAB-1028,EN Mid-Phos (Small Tank) Test Procedures,J,6/26/2008,7/22/2019,,,,, Category
LAB-1032,LAB-1032,HCL Acid Clean,F,6/19/2008,7/11/2019,Formerly EMF-1032,,,, Category
LAB-1033,LAB-1033,Citric Acid Passivation,F,6/19/2008,7/10/2020,Formerly EMF-1033,,,, Category
LAB-1034,LAB-1034,Zincate Strip Nitric Deoxidizer,D,7/14/2008,6/5/2018,,,,, Category
LAB-1035,EMF-1035,Nickel Sulfamate Test Procedure,C,8/7/2008,12/5/2018,,,,, Category
,EMF-1036,Bright Nickel,C,,,,,,, Category
,EMF-1037,Titanium Anodize Type II,C,,,,,,, Category
,EMF-1038,Teflon Impregnation,B,,,,,,, Category
,EMF-1042,Chromic Acid Rinse,B,3/17/2009,6/30/2014,,,,, Category
LAB-1043,LAB-1043,Acid Bifluoride,H,11/12/2008,5/12/2021,,,,, Category
,EMF-1044,Dilute Chromic Seal,Issue,1/5/2015,,,,,, Category
,EMF-1045,Interlox Zinc Phosphate 906 ZIL,A,3/17/2009,,,,,, Category
,EMF-1046,Water Testing Procedures,Issue,1/5/2015,,,,,, Category
LAB-1049,LAB-1049,Titanium Etch Test Procedure,E,4/12/2010,10/7/2021,,,,, Category
,EMF-1050,Acid HF Neutralize,D,4/12/2010,2/2/2016,,,,, Category
LAB-1051,LAB-1051,Brulin 815GD,D,9/23/2010,3/6/2020,,,,, Category
LAB-1053,LAB-1053,FPL Etch Test Procedure,C,9/28/2010,11/28/2018,,,,, Category
LAB-1054,LAB-1054,Deoxidizer LNC,D,10/20/2010,8/10/2018,,,,, Category
LAB-1055,LAB-1055,Zinc Phosphate Seal Test Procedures,A,1/11/2011,12/1/2021,Formerly EMF-1055,,,, Category
LAB-1056,LAB-1056,Phosphoric Acid Anodize Test Procedure,B,2/2/2011,11/28/2018,,,,, Category
LAB-1057,LAB-1057,Chromic Acid Anodize,C,4/19/2011,1/28/2021,Formerly EMF-1057,,,, Category
EMF-1058,EMF-1058,Measuring Water Content in Liquid Penetrant Test Procedure,A,5/31/2011,11/30/2018,,,,, Category
LAB-1059,LAB-1059,Passivate Type VIII,A,6/2/2011,7/10/2020,Formerly EMF-1059,,,, Category
,EMF-1060,Nitric Acid Conditioner,Issue,,,,,,, Category
s,LAB-1062,Oakton  pH 5/6  Acorn Meter Calibration Procedure,B,7/19/2011,3/5/2018,,,,, Category
LAB-1063,LAB-1063,Thermo Scientific Orion Star A214 pH/ISE Meter Calibration Procedure,B,7/18/2011,5/2/2019,,,,, Category
,EMF-1064,RO-59 TM4 ,A,,,,,,, Category
(SEE LAB-1066),EMF-1066,Interlox Zinc Phosphate 2325 MCIZ,Issue,,,,,,, Category
LAB-1066,LAB-1066,Zinc Phosphate Test Procedures,Issue,A,6/16/2021,,,,, Category
LAB-1067,LAB-1067,Copper Sulfate Solution Test Procedure,A,4/11/2012,10/29/2020,,,,, Category
,EMF-1068,Specialty Gold S Test Procedure,Issue,,,,,,, Category
,EMF-1069,Specialty Blue 4A Test Procedures,Issue,,,,,,, Category
,EMF-1070,Specialty Grey NLN Test Procedures,Issue,,,,,,, Category
,EMF-1071,Specialty Bordeaux R,Issue,,,,,,, Category
LAB-1072,LAB-1072,EN High-Phos Test Procedure,E,1/31/2013,11/24/2020,,,,, Category
LAB-1073,LAB-1073,EN Mid-Phos (Large Tank) Test Procedures,C,1/31/2013,7/22/2019,,,,, Category
,EMF-1074,Rectifier Cooling Tower Water Test Procedures,Issue,,8/9/2013,,,,, Category
,EMF-1075,Irridite 14-2 Test Procedures,Issue,,10/8/2013,,,,, Category
,EMF-1076,Nichem 2100 PTFE Test Procedures,A,6/24/2014,10/24/2014,,,,, Category
LAB-1077,LAB-1077,Ferric Chloride Etch Test Procedures,A,3/1/2014,9/1/2021,Formerly EMF-1077,,,, Category
LAB-1078,LAB-1078,Oakite 160 Caustic Etch Test Procedure,C,6/27/2015,10/31/2018,,,,, Category
LAB-1079,LAB-1079,Oakite Aluminum Cleaner 166 Test Procedures,C,6/27/2015,2/18/2019,,,,, Category
,EMF-1080,AN775 Rack Stripper Test Procedures,Issue,10/1/2015,,,,,, Category
LAB-1081,LAB-1081,E-Pik 272 Test Procedures,A,11/18/2015,11/17/2018,,,,, Category
LAB-1082,LAB-1082,Nickel Stripper 50% Nitric Acid Test Procedures,B,7/3/2017,9/4/2020,,,,, Category
LAB-1084,LAB-1084,Pyron 1055 Test Procedure,Issue,2/6/2018,,,,,, Category
,LAB-1085,Deep Blue Test Procedures,In Draft ,,(Viktor),(1/17/2018),,,, Category
LAB-1088,LAB-1088,Adhemax Activator Pre Dip Test Procedure,Issue,6/18/2018,,,,,, Category
LAB-1089,LAB-1089,Adhemax Activator SF Test Procedures,Issue,6/26/2018,,,,,, Category
LAB-1090,LAB-1090,adhemax Accelerator 1 Test Procedures,Issue,6/18/2018,,,,,, Category
LAB-1092,LAB-1092,Trivalent Chromate,A ,11/5/2018,3/10/2020,,,,, Category
LAB-1094,LAB-1094,Oakite 302 AC Tank #301 Test Procedure,Issue,4/23/2018,,,,,, Category
LAB-1095,LAB-1095,Deoxidizer 126 Tank #305 Test Procedure,Issue,4/23/2018,,,,,, Category
LAB-1096,LAB-1096,Adhemax Ni U Test Procedure,Issue,7/9/2018,,,,,, Category
LAB-1097,LAB-1097,Electropolish Test Procedure,A,8/15/2018,11/19/2018,,,,, Category
LAB-1098,LAB-1098,Oakton pH 5+ Meter Calibration Procedure,Issue,10/27/2018,,,,,, Category
LAB-1099,LAB-1099,E-PREP 270B Test Procedure,Issue,9/13/2018,,,,,, Category
LAB-1100,LAB-1100,Rosheene CB Test Procedure,A,9/13/2018,9/9/2020,,,,, Category
LAB-1103,LAB-1103,Alodine 600 Test Procedure,Issue,5/17/2019,,,,,, Category
LAB-1104,LAB-1104,Alkaline Hydrogen Peroxide Test Proecedures,Issue,12/9/2020,,,,,, Category
LAB-1105,LAB-1105,Marble's Etch Test Procedures,Issue ,12/9/2020,,,,,, Category
(SEE  LAB-2103),LAB-1103,,,,,,,,, Category
,EMF-1104,LOG Alodine 1500 (Clear),D,,,,,,, Category
,EMF-1105,LOG Alodine T-5900 (RoHS),C,,,,,,, Category
LAB-1106,LAB-1106,Zinic Nickel Test Procedures,Issue,12/7/2020,,,,,, Category
LAB-1107,LAB-1107,LOG Anodize Type III,I,6/23/2008,2/19/2018,Formerly EMF-1107,,,, Category
(SEE  LAB-2108),LAB-1108,,,,,,,,, Category
(SEE LAB-2109),LAB-1109,,,,,,,,, Category
LAB-1110,LAB-1110,Dichromate Seal Solution Analyses ,C,10/1/2010,11/21/2018,,,,, Category
(SEE LAB 2111),EMF-1111,,,,,,,,, Category
(SEE LAB 2112),EMF-1112,,,,,,,,, Category
(SEE LAB-2113),LAB-1113,,,,,,,,, Category
LAB-1114,LAB-1114,Nickel Acetate Seal Solution Analysis Log,E,6/23/2008,11/5/2018,,,,, Category
(SEE LAB-2116),EMF-1116,,,,,,,,, Category
(SEE LAB- 2118),LAB-1118,,,,,,,,, Category
(SEE LAB- 2121),LAB-1121,LOG Titanium Etch Solution Analysis Log,I,4/2/2010,11/29/2018,,,,, Category
(SEE LAB-2201),EMF-1201,,,,,,,,, Category
(SEE LAB-2202),LAB-1202,,,,,,,,, Category
(SEE LAB-2203),LAB-1203,,,,,,,,, Category
LAB-1204,LAB-1204,Oakton pH 5/5+/ 6 Daily pH Calibration Log,E,6/18/2008,1/3/2022,,,,, Category
,EMF-1205,LOG Weekly Solution Analyses Synopses,B,,,,,,, Category
LAB-1207,LAB-1207,Nitric Deoxidizer / Zincate Strip Solution Analysis Log,F,7/14/2008,6/5/2018,,,,, Category
,EMF-1208,LOG Weekly Bath Adds,A,,,,,,, Category
LAB-1209,LAB-1209,Solution Analysis Matrix,N,12/29/2016,2/11/2021,,,,, Category
,EMF-1210,LOG Weekly Outgoing Water pH Probe,B,,,,,,, Category
,EMF-1211,Dye Log,A,,,,,,, Category
LAB-1212,LAB-1212,Nickel Sulfamate Solution Analysis Log,F,8/7/2008,12/5/2018,,,,, Category
,EMF-1213,LOG Bright Nickel Sulfate,E,,,,,,, Category
EMF-1214,EMF-1214,LOG Titanium Anodize Type II,I,8/8/2008,3/18/2016,,,,, Category
(SEE LAB- 2216),EMF-1216,,,,,,,,, Category
,EMF-1218,LOG Chromic Acid Seal,C,3/22/2009,7/2/2012,,,,, Category
(SEE LAB-2219),LAB-1219,Acid Bifluoride Solution Analysis Log,J,11/12/2008,12/17/2018,,,,, Category
EMF-1220,EMF-1220,LOG Dilute Chromic Seal Solution Analysis,A,1/5/2015,3/31/2016,,,,, Category
,EMF-1222,LOG Nichem 2100 Tank Maintenance,A,,,,,,, Category
,EMF-1224,LOG Woods Nickel Tank Maintenance,A,,,,,,, Category
,EMF-1225,LOG Nickel Sulfimate Tank Maintenance,B,,,,,,, Category
,EMF-1226,LOG Bright Nickel Sulfate Tank Maintenance,A,,,,,,, Category
(SEE LAB-2227),EMF-1227,LOG Boiler Log,B,,,,,,, Category
,EMF-1229,LOG Deionized Water Resistivity Check,A,,,,,,, Category
,EMF-1231,LOG Interlox Zinc Phosphate 906 ZIL,D,,,,,,, Category
,EMF-1234,LOG Acid HF Neutralize ,E,5/18/2010,2/2/2016,,,,, Category
,EMF-1257,LOG Miscellaneous Solutions,Issue, 5/1/2012,,,,,, Category
LAB-1258,LAB-1258,LOG Salt Spray Chamber Conditions,D,1/26/2009,12/12/2017,Formerly EMF-1258,,,, Category
LAB-1259,LAB-1259,LOG Salt Spray Chamber Collection Data,C,6/28/2010,12/12/2017,Formerly EMF-1259,,,, Category
LAB-1260,LAB-1260,LOG Daily D.I. Water Tank Purity,H,8/2/2010,3/14/2017,,,,, Category
(SEE  LAB-2261),LAB-1261,,,,,,,,, Category
,EMF-1263,LOG FPL Etch,D,9/28/2010,1/6/2015,,,,, Category
LAB-1264,LAB-1264,LOG Deoxidizer LNC,E,10/20/2010,8/24/2018,,,,, Category
(See LAB-2265),EMF-1265,LOG Parcolene 99X,A,,,,,,, Category
,EMF-1266,LOG Phosphoric Acid Anodize,B,,,,,,, Category
(See LAB-2267),LAB-1267,Renamed Document See LAB-2267,,,,Formerly EMF-1267,,,, Category
,EMF-1269,LOG Nitric Acid Conditioner,A,,,,,,, Category
,EMF-1272,LOG RO59-TM4,A,,,,,,, Category
(SEE LAB-2274),EMF-1274,LOG Interlox Zinc Phosphate 2325 MCIZ,A,,,,,,, Category
,EMF-1275,LOG Specialty Gold S Dye (see Dye sign),Issue,,,,,,, Category
,EMF-1276,LOG Specialty Blue 4A Dye,Issue,,,,,,, Category
,EMF-1277,LOG Specialty Grey NLN Dye (see Dye sign),Issue,,,,,,, Category
,EMF-1278,LOG Specialty Bordeaux R Dye (see Dye sign),Issue,,,,,,, Category
(SEE LAB- 2279),LAB-1279,,,,,,,,, Category
(SEE LAB-2280),LAB-1280,,,,,,,,, Category
LAB-1281,LAB-1281,Salt Spray Reservoir Log,C,1/26/2009,1/2/2018,,,,, Category
,LAB-1282,Teflon Impregnation Solution Analysis Log,F,8/13/2008,7/22/2017,,,,, Category
,EMF-1283,LOG Rectifier Cooling Tower Water,Issue,,,,,,, Category
(SEE LAB-2284),EMF-1284,LOG Fluoride Titration Data Recording Log,Issue,,8/21/2013,,,,, Category
(SEE LAB-2285),EMF-1285,,,,,,,,, Category
(SEE LAB-2286),EMF-1286,LOG Ferric Chloride Etch,Issue,2/3/2014,,,,,, Category
,EMF-1287,LOG Nichem 2100 PTFE,A,6/24/2014,10/24/2014,,,,, Category
LAB-1288,LAB-1288,Oakite 160 Caustic Etch Solution Analysis Log Tank #3,B,6/27/2015,11/1/2018,Formerly EMF-1288,,,, Category
LAB-1289,LAB-1289,Oakite Aluminum Cleaner 166  Solution Analysis Log Tank #1,B,6/27/2015,10/12/2018,Formerly EMF-1289,,,, Category
Live Document,EMF-1290,Ammonium Bifluoride Control Chart,Issue,8/6/2015,,540 LAB Chemdocs (\\zuma) (o:) ,,,, Category
,EMF-1291,LOG AN775 Rack Stripper,Issue,10/1/2015,,,,,, Category
LAB-1292,LAB-1292,E-Pik 272  Solution Analysis Log Tank #48,B,11/18/2015,11/17/2018,,,,, Category
LAB-1293,LAB-1293,Brulin 815GD Solution Analysis Log Tank #201,B,8/26/2016,10/16/2018,,,,, Category
LAB-1293,LAB-1294,Oakite 160 Caustic Etch Solution Analysis Log Tank #203,C,8/26/2016,11/1/2018,,,,, Category
LAB-1295,LAB-1295,Deoxidizer LNC Solution Analysis Log Tank #206,A,8/26/2016,11/1/2018,,,,, Category
(SEE LAB-2296),LAB-1296,,,,,,,,, Category
LAB-1297,LAB-1297,FPL Etch  Solution Analysis Log Tank #212,A,8/26/2016,11/27/2018,,,,, Category
LAB-1298,LAB-1298,Phosphoric Acid Anodize  Solution Analysis Log Tank #215,A,8/26/2016,11/28/2018,,,,, Category
LAB-1299,LAB-1299,Microhardness Periodic Verification Log,A,7/14/2016,8/30/2019,,,,, Category
LAB-1300,LAB-1300,Sirco Daily DI Water Log,B,9/30/2016,7/12/2021,,,,, Category
Live Document,LAB-1301,Orion Star A214 pH/ISE Calibration Log,A,9/26/2016,5/2/2019,chem docs- pH Logs Folder ,,,, Category
LAB-1302,LAB-1302,Microhardness Test Worksheet,Issue,9/12/2016,,,,,, Category
LAB-1303,LAB-1303,PCSTestr 35 Daily pH Calibration,Issue,12/1/2016,,,,,, Category
LAB-1304,LAB-1304,Alodine T-5900 (RoHS) Solution Analysis Log Tank #211,A,3/7/2017,11/17/2018,,,,, Category
LAB-1305,LAB-1305,Woods Nickel Strike Dummy Plating Log,Issue,7/15/2017,,,,,, Category
LAB-1306,LAB-1306,Stripper Solution Analysis Log,Issue,7/3/2017,,,,,, Category
LAB-1307,LAB-1307,Oakite 160 Caustic Etch Solution Analysis  Log Tank #111,Issue,5/22/2017,,,,,, Category
LAB-1308,LAB-1308,Deoxidizer LNC Solution Analysis Log Tank #110,Issue,5/22/2017,,,,,, Category
LAB-1309,LAB-1309,Pyron 1055 Solution Analysis Log Tank # 117,Issue,2/6/2018,,,,,, Category
,LAB-1310,Deep Blue Solution Analysis Log,Issue,,(Viktor),(1/17/2018),,,, Category
LAB-1312,LAB-1312,Acid Activator  Solution Analysis Log ,Issue,9/19/2018,,,,,, Category
LAB-1313,LAB-1313,Adhemax Activator Pre Drip Solution Analysis Log Tank #133,Issue,6/18/2018,,,,,, Category
LAB-1314 ,LAB-1314,Adhemax Acitivator SF Solution Analysis,Issue,6/18/2018,,,,,, Category
LAB-1315 ,LAB-1315,Adhemax Accelerator 1 Solution Analysis Log Tank #139,Issue,6/18/2018,,,,,, Category
LAB-1319,LAB-1319,Oakite  AC 166  Solution Analysis Log Tank #301,B,4/23/2018,2/18/2019,,,,, Category
LAB-1320,LAB-1320,Oakite 160  Solution Analysis Log Tank #303,A,4/25/2018,10/31/2018,,,,, Category
LAB-1321,LAB-1321,Deoxidizer 126 Solution Analysis Log Tank #304,A,4/23/2018,8/10/2018,,,,, Category
LAB-1322,LAB-1322,Alodine 1200s  Solution Analysis Log Tank #306,Issue,4/25/2018,,,,,, Category
LAB-1323,LAB-1323,Adhemax Ni U Solution Analysis Log Tank #129,Issue,7/9/2018,,,,,, Category
Live Document,LAB-1324,Rate of Etch Worksheet - Method B,C,7/23/2018,10/29/2021,,,,, Category
LAB-1325,LAB-1325,Electropolish Solution Analysis Log Tank  #123,B,8/15/2018,11/16/2018,,,,, Category
LAB-1326,LAB-1326,E-Prep 270B  Solution Analysis Log Tank #23,Issue,9/13/2018,,,,,, Category
(SEE LAB- 2327),LAB-1327,,,,,,,,, Category
,LAB-1328,Zinc Nickel Solution Analysis,In Draft ,,Roman,(10/1/18),,,, Category
Live Document,LAB-1331,Rate of Etch Worksheet - Method A,B,2/6/2019,10/29/2021,,,,, Category
LAB-2103,LAB-2103,Alodine  600  Solution Analysis Log Tank # 31,H,6/23/2008,5/17/2019,Formerly  LAB-1103,,,, Category
LAB-2106,LAB-2106,Anodize Type II Solution Analysis Log Tank #8,G,6/19/2008,1/28/2021,,,,, Category
LAB-2108,LAB-2108,Zincate Solution Analysis Log Tank # 86,H,6/23/2008,1/11/2021,Formerly LAB-1108,,,, Category
LAB-2109,LAB-2109,Sanodal Deep Black HBL Solution Analysis Log Tank # 12,F,8/5/2008,3/2/2020,Formerly LAB-1109,,,, Category
LAB-2111,LAB-2111,LOG Passivate Type VI,G,6/23/2008,7/10/2020,Formerly LAB-1111,,,, Category
LAB-2112.,LAB-2112,LOG Passivate Type II,I,6/19/2008,7/10/2020,Formerly LAB-1112,,,, Category
LAB-2113,LAB-2113,Oakite 90 Solution Analysis Log Tank # 62,M,6/18/2008,12/2/2019,Formerly LAB-1113,,,, Category
LAB-2116,LAB-2116,Woods Nickel Strike Solution Analysis Log,E,6/25/2008,11/11/2020,Formally EMF-1116,,,, Category
LAB-2118,LAB-2118,EN Mid-Phos Solution Analysis Log (Small Tank) Tank # 68,N,6/26/2008,7/22/2019,Formerly LAB-1118,,,, Category
LAB-2121,LAB-2121,Titanium Etch Solution Analysis Log,J,4/2/2010,10/7/2021,Formerly LAB-1121,,,, Category
LAB-2201,LAB-2201,Anodic Cleaner Solution Analysis Log  Tank  # 80,E,6/18/2008,6/5/2020,Formerly LAB-1201,,,, Category
LAB-2202,LAB-2202,HCI Acid Clean Solution Analysis Log Tank # 79,H,6/19/2008,7/11/2019,Formerly LAB-1202,,,, Category
LAB-2203,LAB-2203,LOG Citric Acid Passivate,G,6/19/2008,7/10/2020,Formerly LAB-1203,,,, Category
LAB-2216,LAB-2216,Copper Sulphate Solution Analysis Log,E,8/18/2008,10/29/2020,Formerly LAB-1216,,,, Category
LAB-2219,LAB-2219,Acid Bifluoride Solution Analysis Log,K,11/12/2008,5/12/2021,Formerly LAB-1219,,,, Category
LAB-2227,LAB-2227,Daily Boiler Log,C,2/19/2009,3/31/2021,Formerly EMF-1227,,,, Category
LAB-2261,LAB-2261,Brulin 815GD Solution Analysis Log  Tank #91,G,9/22/2010,3/6/2020,Formerly LAB-1261,,,, Category
LAB-2265,LAB-2265,Zinc Phosphate Seal Solution Analysis Log,B,1/11/2011,12/1/2021,Formerly EMF-1265,,,, Category
LAB-2267,LAB-2267,Chromic Acid Anodize Solution Analysis Log Tank #57,E,4/19/2011,1/29/2021,Formerly LAB-1267,,,, Category
LAB-2268,LAB-2268,LOG Passivate Type VIII,C,5/19/2011,7/10/2020,Formerly LAB-1268,,,, Category
LAB-2274,LAB-2274,Zinc Phosphate Solution Analysis Log,B,9/23/2011,6/16/2021,Formerly EMF-1274,,,, Category
LAB-2279,LAB-2279,EN High-Phos (Small Tank) Solution Analysis Log Tank # 66,E,1/31/2013,12/1/2020,Formerly LAB-1279,,,, Category
LAB-2280,LAB-2280,EN Mid-Phos (Large Tank) Solution Analysis Log Tank # 128,D,1/31/2013,11/24/2020,Formerly LAB-1280,,,, Category
LAB-2284,LAB-2284,Fluoride Titration Data Recording Log,A,8/21/2013,10/7/2021,Formerly EMF-1284,,,, Category
LAB-2285,LAB-2285,Ammonium Bifluroide Solution Analysis Log,B,2/3/2014,5/12/2021,Formerly EMF-1285,,,, Category
LAB-2286,LAB-2286,Ferric Chloride Etch Solution Analysis Log Tank # 77,A,3/1/2014,9/1/2021,Formerly EMF-1286,,,, Category
LAB-2296,LAB-2296,Alodine 1200S # 210 Solution Analysis Log,B,8/26/2016,11/10/2020,Formerly LAB-1296,,,, Category
LAB-2317,LAB-2317,Nickel Stripper (50% Nitric Acid) Solution Analysis Log,A,12/5/2018,9/4/2020,Formerly LAB-1317,,,, Category
LAB-2327,LAB-2327,Rosheene CB Solution Analysis Log Tank #83,A,9/13/2018,9/9/2020,Formerly LAB-1327,,,, Category
LAB-2328,LAB-2328,Zinc Nickel Solution Analysis Log,Issue,12/7/2020,,,,,, Category
LAB-2330,LAB-2330,Dipsol IZ-264 Solution Analysis Log  Tank # 120,A,11/5/2018,3/10/2020,Formerly LAB-1330,,,, Category
LAB-2331,LAB-2331,Alkaline Hydrogen Peroxide Solution Analysis Log,Issue,12/9/2020,,,,,, Category
LAB-2332,LAB-2332,EN High-Phos (Large Tank) Solution Analysis Log Tank #131,Issue,11/24/2020,,,,,, Category
LAB-2333,LAB-2333,Marble's Etch Solution Analysis Log Tank #132,Issue,12/9/2020,,,,,, Category
LAB-2334,LAB-2334,Marble's Etch Solution Analysis Log Tank #306,Issue,12/9/2020,,,,,, Category
LAB-2335,LAB-2335,Alodine 1200S Solution Analysis Log,Issue,1/3/2022,,,,,, Category
LAB-3001,LAB-3001,Oakite 90 New Bath Procedure Tank #62,G,6/18/2008,12/2/2019,,,,, Category
LAB-3002,EMF-3002,Anodic Cleaner (Sulfuric) New Bath Tank  # 80,B,6/18/2008,6/5/2020,,,,, Category
LAB-3004,LAB-3004,Anodize Type II New Bath,C,6/19/2008,2/19/2018,,,,, Category
LAB-3005,LAB-3005,Passivate Type VI New Bath Procedure,B,6/23/2008,7/10/2020,Formerly EMF-3005,,,, Category
LAB-3006,LAB-3006,Alodine 1200 New Bath Procedure Tank # 31,E,6/23/2008,5/17/2019,,,,, Category
LAB-3007,LAB-3007,Woods Nickel Strike New Bath,C,6/23/2008,11/11/2020,Formerly EMF-3007,,,, Category
LAB-3008,EMF-3008,HCL Clean New Bath Tank # 79,E,6/19/2008,7/11/2019,,,,, Category
,EMF-3009,Bright Nickel New Bath,A,,,,,,, Category
LAB-3010,EMF-3010,Nickel Sulfamate New Bath,D,8/7/2008,12/5/2018,,,,, Category
,EMF-3011,Titanium Anodize Type II New Bath,C,,,,,,, Category
,EMF-3012,Turco Aldet LNS New Bath,B,,8/7/2013,,,,, Category
LAB-3014,LAB-3014,Zincate Strip Nitric Deoxidizer,B,8/8/2008,6/5/2018,,,,, Category
LAB-3015,LAB-3015,Zincate New Bath Tank # 86,D,8/8/2008,7/24/2019,,,,, Category
LAB-3016,LAB-3016,Citric Acid Passivation New Bath,B,8/8/2008,10/5/2018,,,,, Category
LAB-3017,LAB-3017,Anodize Type III New Bath Procedure,C,6/19/2008,2/19/2018,,,,, Category
,EMF-3018,Aluminux 1000 New Bath,B,,,,,,, Category
,EMF-3019,Turco Deoxalume 2310,B,,,,,,, Category
LAB-3020,LAB-3020,Nickel Acetate Seal New Bath Procedure ,C,8/12/2008,11/5/2018,,,,, Category
,EMF-3021,Alodine T-5900 New Bath,B,,,,,,, Category
LAB-3022,LAB-3022,Nichem 2100 Plus New Bath Procedure Tank # 68,H,6/13/2008,7/22/2019,,,,, Category
LAB-3023,EMF-3023,Passivate Type II New Bath,D,8/7/2008,7/10/2020,Formerly EMF-3023,,,, Category
,EMF-3024,Teflon Impregnation,A,,,,,,, Category
LAB-3025,LAB-3025,Copper Sulfate Test Solution,E,8/18/2008,10/29/2020,,,,, Category
,EMF-3026,Soap Deactivator New Bath,A,,,,,,, Category
,EMF-3027,PF-137 New Bath,A,,,,,,, Category
LAB-3028,LAB-3028,Acid Biflouride New Bath Procedure,E,11/12/2008,5/12/2021,,,,, Category
,EMF-3029,AN535L Aluminum Seal,A,,,,,,, Category
,EMF-3030,Interlox Zinc Phosphate 906 ZIL,B,3/17/2009,3/3/2014,,,,, Category
,EMF-3031,Stannacid SA New Bath,A,,,,,,, Category
,EMF-3032,Alodine 1500 Clear Chemfilm New Bath,C,,,,,,, Category
,EMF-3033,Acid HF Neutralize New Bath,D,4/12/2010,2/2/2016,,,,, Category
LAB-3034,LAB-3034,Brulin 815GD New Bath Procedure Tank # 91,E,9/23/2010,3/6/2020,,,,, Category
,EMF-3035,Bright Tin New Bath,Issue,,,,,,, Category
,EMF-3036,Bonderite ZMX New Bath,Issue,,,,,,, Category
,EMF-3037,FPL Etch New Bath,C,9/28/2010,1/6/2015,,,,, Category
LAB-3038,LAB-3038,Deoxidizer LNC New Bath Procedure,A,10/20/2010,2/22/2018,,,,, Category
LAB-3039,LAB-3039,Zinc Phosphate Seal New Bath Procedure ,A,1/11/2011,12/1/2021,Formerly EMF-3039,,,, Category
,EMF-3040,Phosphoric Acid Anodize New Bath,A,,,,,,, Category
LAB-3041,LAB-3041,Chromic Acid Anodize New Bath Procedure,A,4/19/2011,2/19/2018,,,,, Category
LAB-3042,LAB-3042,Sanodal Deep Black HBL New Bath Procedure Tank # 12,C,5/3/2011,3/2/2020,,,,, Category
LAB-3043,LAB-3043,Passivate Type VIII New Bath,B,6/2/2011,7/10/2020,Formerly EMF-3043,,,, Category
,EMF-3044,Nitric Acid Conditioner New Bath,Issue,,,,,,, Category
,EMF-3045,Fixodine ZL New Bath,Issue,,,,,,, Category
,EMF-3046,RO59-TM4,Issue,,,,,,, Category
(SEE LAB-3047),EMF-3047,Interlox Zinc Phosphate 2325 MCIZ,Issue,,,,,,, Category
LAB-3047,LAB-3047,Zinc Phosphate New Bath Procedure,A,9/23/2011,6/16/2021,,,,, Category
LAB-3048,LAB-3048, Dichromate Seal New Bath Procedure ,A,12/9/2016,11/21/2018,,,,, Category
,EMF-3049,Specialty Gold S New Bath,Issue,,,,,,, Category
,EMF-3050,Specialty Blue 4A New Bath,Issue,,,,,,, Category
,EMF-3051,Specialty Grey NLN New Bath,Issue,,,,,,, Category
,EMF-3052,Specialty Bordeaux R New Bath,Issue,,,,,,, Category
LAB-3053,EMF-3053,EN High-Phos (Small Tank) New Bath Procedure Tank #66,E,1/31/2013,12/1/2020,,,,, Category
LAB-3054,LAB-3054,EN Mid-Phos (Large Tank) New Bath Procedure Tank 128,D,1/31/2013,11/24/2020,,,,, Category
LAB-3055,LAB-3055,"Titanium Etch (140 Gallons, Tank #51)",E,4/12/2010,10/7/2021,,,,, Category
,EMF-3056,Nichem 2100 PTFE New Bath,A,6/24/2014,10/24/2014,,,,, Category
,EMF-3057,Chromic Acid Seal New Bath,Issue,6/30/2014,,,,,, Category
LAB-3058,LAB-3058,"Ferric Chloride Etch (25 Gallons, Tank #77)",A,3/1/2014,9/1/2021,Formerly EMF-3058,,,, Category
,EMF-3059,Dilute Chromic Seal,Issue,1/5/2015,,,,,, Category
LAB-3060,LAB-3060,Oakite 160 New Bath Procedure,A,6/27/2015,2/20/2018,,,,, Category
LAB-3061,LAB-3061,Oakite Aluminum Cleaner 166 New Bath Procedure,A,6/27/2015,2/20/2018,,,,, Category
,EMF-3062,AN775 Rack Stripper New Bath,Issue,10/1/2015,,,,,, Category
LAB-3063,LAB-3063,E-Pik 272 New Bath,A,11/18/2015,11/17/2018,,,,, Category
LAB-3064,LAB-3064, Brulin 815GD Tank #201 New Bath Procedure ,C,8/26/2016,10/16/2018,,,,, Category
LAB-3065,LAB-3065,Oakite 160 Tank #203 New Bath Procedure,B,8/26/2016,11/1/2018,,,,, Category
LAB-3066,LAB-3066,Deoxidizer LNC Tank #206 New Bath Procedure ,A,8/26/2016,11/1/2018,,,,, Category
LAB-3067,LAB-3067,Alodine 1200S Tank #210 New Bath Procedure,A,8/26/2016,11/27/2018,,,,, Category
LAB-3068,LAB-3068,FPL Etch Tank #212 New Bath Procedure,A,8/26/2016,11/27/2018,,,,, Category
LAB-3069,LAB-3069,Phosphoric Acid Anodize Tank #215 New Bath Procedure,A,8/26/2016,11/28/2018,,,,, Category
LAB-3070,LAB-3070,Alodine T-5900 RoHS Tank #211 New Bath Procedure,A,12/9/2016,10/27/2018,,,,, Category
,LAB-3071,Pyron-1050 Anodize Stripper New Bath ,Issue,2/14/2017,,,,,, Category
LAB-3072,LAB-3072,Oakite 160 Tank #111 New Bath Procedure,Issue,5/20/2017,,,,,, Category
LAB-3074,LAB-3074,Anodize Stripper Pyron-1050 Tank #117 New Bath Procedure,B,7/3/2017,5/11/2021,,,,, Category
LAB-3075,LAB-3075,Nickel Stripper 50% Nitric Acid Tank #85 New Bath Procedure,A,7/3/2017,9/4/2020,,,,, Category
LAB-3084,LAB-3084,Pyron 1055 New Bath Procedure,Issue,1/22/2018,,,,,, Category
,LAB-3085,Deep Blue New Bath Procedure,Issue,,(Viktor),(1/17/2018),,,, Category
LAB-3087,LAB-3087,Acid Activator New Bath Procedure ,Issue,9/18/2018,,,,,, Category
LAB-3088,LAB-3088,Adhemax Activator Pre Drip New Bath Procedures,Issue,6/18/2018,,,,,, Category
LAB-3089 ,LAB-3089,Adhemax Activator SF New Bath Procedures,Issue,6/27/2018,,,,,, Category
LAB-3090,LAB-3090,Adhemax Accelerator 1 Solution Analysis Tank #139,Issue,6/18/2018,,,,,, Category
LAB-3092,LAB-3092,Trvalent Chromate New Bath Tank # 120,Issue,11/5/2018,,,,,, Category
LAB-3094,LAB-3094,Oakite AC 166 Tank #301 New Bath Procedure,A,4/23/2018,2/18/2019,,,,, Category
LAB-3097,LAB-3095,Oakite 160 Tank #303 New Bath Procedure,Issue,4/25/2018,,,,,, Category
LAB-3096,LAB-3096,Deoxidizer 126 Tank #305 New Bath Procedure,A,4/23/2018,8/10/2018,,,,, Category
LAB-3097,LAB-3097,Alodine 1200S Tank #306 New Bath Procedure,Issue,4/25/2018,,,,,, Category
LAB-3098,LAB-3098,Adhemax Ni U New Bath Procedure Tank #129,Issue,7/9/2018,,,,,, Category
LAB-3099,LAB-3099,Electropolish New Bath Procedure,B,8/15/2018,11/19/2018,,,,, Category
LAB-3100,LAB-3100,E-Prep 270B New Bath Procedure ,Issue,9/13/2018,,,,,, Category
LAB-3101,LAB-3101,Rosheene CB New Bath Procedure ,A,9/13/2018,9/9/2020,,,,, Category
LAB-3102,LAB-3102,EN High-Phos (Large Tank) New Procedure Tank #131,Issue,11/24/2020,,,,,, Category
LAB-3103,LAB-3103,Alkaline Hydrogen Peroxide New Bath Procedure,Issue,12/9/2020,,,,,, Category
LAB-3104,LAB-3104,Marble's Etch New Bath Procedure Tank #132,Issue,12/9/2020,,,,,, Category
LAB-3105,LAB-3105,Marble's Etch New Bath Procedure Tank #306,Issue,12/9/2020,,,,,, Category
LAB-3106 ,LAB-3106,Zinc Nickel New Bath Procedure Tank #118,Issue,12/7/2020,,,,,, Category
LAB-3107,LAB-3107,Preparing a New Bath Alodine 1200S 40 Gallons Tank #31,Issue,1/3/2022,,,,,, Category
,EMF-4000,Egg Trays are Prohibited in Ovens,Issue,3/22/2016,, ,,,, Category
EMF-4001_(501),EMF-4001_(501),Authorized Personnel Only - Bonded Storage,P,7/12/2021,3/5/2021,501 - Building,,,, Category
EMF-4001_(531),EMF-4001_(531),Authorized Personnel Only - Bonded Storage,B,7/12/2021,3/5/2021,531 Masking, ,,, Category
EMF-4001_(3430),EMF-4001_(3430),Authorized Personnel Only - Bonded Storage,B,7/12/2021,3/5/2021,3430 Chemical Process, ,,, Category
EMF-4001(540),EMF-4001_(540),Authorized Personnel Only - Bonded Storage,B,7/12/2021,3/5/2021,540 - Building,,,, Category
EMF-4001_(Paint),EMF-4001_(Paint),Authorized Personnel Only - Bonded Storage,B,7/12/2021,3/5/2021,Paint - Building,,,, Category
EMF-4001 (East),EMF-4001_(East),Authorized Personnel Only - Bonded Storage,Issue,11/9/2021,,East,,,, Category
EMF-4002,EMF-4002,Scrap Certificate -Blank Form,Issue,6/24/2016,,,,,, Category
EMF-4003 ,EMF-4003,Out of Order Sign,Issue,7/5/2017,,,,,, Category
EMF-4004 Blank Form,EMF-4004,Contractor Affidavit,Issue,10/30/2017,,,,,, Category
Epicor generated,EMF-4005,Quote Form,Issue,3/23/2018,,Epicor generated,,,, Category
Epicor generated,EMF-4006,AR Form,Issue,4/3/2018,,Epicor generated,,,, Category
EMF-4007,EMF-4007,Silicone Free Area (Sign),Issue,1/23/2020,,,,,, Category
EMF-4008,EMF-4008,Mixing Paint Do Not Interrupt ,Issue,7/7/2021,,Paint Building Reference EMF-ICA-0330,,,, Category
